[\"66;AgAAADEA//8BAF6jRJONJwAArwEAAAsAAAAAAAAAAAAAAAAAAAAAAAAA9v///xAAAAA4AC4AMgAuADEALgAzADgA\",\"86;AgAAADEAAQABAAYAAAAyAF8AMwAAABwAJwAAAAYAAAAyAF8AMwAGAAAANgA2ADQAAIAgAAAAAAAAAAAAAAAAAAAAAAAAAAAAAAAAAAAAAAAAAAAAAAA=\",\"35;BgAAADIAXwAzAAEAHAABAAAAAAAAAAEAAABBAAAAAAMAAAA=\",\"35;BgAAADIAXwAzAAEAHAABAAAAAQAAAAEAAABkAAAAAAMAAAA=\",\"35;BgAAADIAXwAzAAEAHAABAAAAAgAAAAEAAABkAAAAAAMAAAA=\",\"34;BgAAADIAXwAzAAEAHAABAAAAAwAAAAIAAAAgAAAAAwAAAA==\",\"35;BgAAADIAXwAzAAEAHAABAAAABAAAAAEAAABUAAAAAAMAAAA=\",\"35;BgAAADIAXwAzAAEAHAABAAAABQAAAAEAAABlAAAAAAMAAAA=\",\"35;BgAAADIAXwAzAAEAHAABAAAABgAAAAEAAAB4AAAAAAMAAAA=\",\"35;BgAAADIAXwAzAAEAHAABAAAABwAAAAEAAAB0AAAAAAMAAAA=\",\"35;BgAAADIAXwAzAAEAHAABAAAACAAAAAEAAAAuAAAAAAMAAAA=\",\"36;BgAAADYANgA0AAEAAwABAAAAAQAAAAYAAAAyAF8AMwAAAAAA\"]
[\"66;AgAAADEA//8BAF6jRJONJwAArwEAABgAAAABAAAAAQAAAAEAAAAMAAAADAAAABAAAAA4AC4AMgAuADEALgAzADgA\",\"50;AgAAADEAAQABAAYAAAAyAF8ANQAAAAQAAwAAAAYAAAAyAF8ANQAAgCAAAAAAAAAAAAA=\",\"80;AgAAADEAAQABAAYAAAAyAF8ANgAAABwAJwAAAAYAAAAyAF8ANgAAAAAAAIAgAAAAAAAAAAAAAAAAAAAAAAAAAAAAAAAAAAAAAAAAAAAAAAA=\",\"30;BgAAADIAXwA2AAEAHAABAAAAAAAAAAQAAAADAAAA\",\"71;AgAAADEAAQABAAYAAAAyAF8ANAAAAAMABgAAADIAXwA0AEIAAAAAAAAAAAAAAAYAAAAyAF8ANQABAAAABgAAADIAXwA2AAE=\",\"86;AgAAADEAAQABAAYAAAAyAF8ANwAAABwAJwAAAAYAAAAyAF8ANwAGAAAAMgBfADQAAIAgAAAAAAAAAAAAAAAAAAAAAAAAAAAAAAAAAAAAAAAAAAAAAAA=\",\"35;BgAAADIAXwA3AAEAHAABAAAAAAAAAAEAAABDAAAAAAMAAAA=\",\"35;BgAAADIAXwA3AAEAHAABAAAAAQAAAAEAAAByAAAAAAMAAAA=\",\"35;BgAAADIAXwA3AAEAHAABAAAAAgAAAAEAAABlAAAAAAMAAAA=\",\"35;BgAAADIAXwA3AAEAHAABAAAAAwAAAAEAAABhAAAAAAMAAAA=\",\"35;BgAAADIAXwA3AAEAHAABAAAABAAAAAEAAAB0AAAAAAMAAAA=\",\"35;BgAAADIAXwA3AAEAHAABAAAABQAAAAEAAABlAAAAAAMAAAA=\",\"34;BgAAADIAXwA3AAEAHAABAAAABgAAAAIAAAAgAAAAAwAAAA==\",\"35;BgAAADIAXwA3AAEAHAABAAAABwAAAAEAAABQAAAAAAMAAAA=\",\"35;BgAAADIAXwA3AAEAHAABAAAACAAAAAEAAABhAAAAAAMAAAA=\",\"35;BgAAADIAXwA3AAEAHAABAAAACQAAAAEAAAByAAAAAAMAAAA=\",\"35;BgAAADIAXwA3AAEAHAABAAAACgAAAAEAAABhAAAAAAMAAAA=\",\"35;BgAAADIAXwA3AAEAHAABAAAACwAAAAEAAABnAAAAAAMAAAA=\",\"35;BgAAADIAXwA3AAEAHAABAAAADAAAAAEAAAByAAAAAAMAAAA=\",\"35;BgAAADIAXwA3AAEAHAABAAAADQAAAAEAAABhAAAAAAMAAAA=\",\"35;BgAAADIAXwA3AAEAHAABAAAADgAAAAEAAABwAAAAAAMAAAA=\",\"35;BgAAADIAXwA3AAEAHAABAAAADwAAAAEAAABoAAAAAAMAAAA=\",\"35;BgAAADIAXwA3AAEAHAABAAAAEAAAAAEAAAAuAAAAAAMAAAA=\",\"36;BgAAADIAXwA0AAEAAwABAAAAAAAAAAYAAAAyAF8ANwAAAAAA\",\"32;AgAAADIAAQACAAEAAAABAAAABgAAADIAXwA0AAAAAAA=\"]
[\"66;AgAAADEA//8BAF6jRJONJwAArwEAAB4AAAACAAAAAgAAAAIAAAAlAAAAJQAAABAAAAA4AC4AMgAuADEALgAzADgA\",\"54;AgAAADEAAQABAAgAAAAyAF8AMQAzAAAABAADAAAACAAAADIAXwAxADMAAIAgAAAAAAAAAAAA\",\"84;AgAAADEAAQABAAgAAAAyAF8AMQA0AAAAHAAnAAAACAAAADIAXwAxADQAAAAAAACAIAAAAAAAAAAAAAAAAAAAAAAAAAAAAAAAAAAAAAAAAAAAAAAA\",\"32;CAAAADIAXwAxADQAAQAcAAEAAAAAAAAABAAAAAMAAAA=\",\"79;AgAAADEAAQABAAgAAAAyAF8AMQAyAAAAAwAIAAAAMgBfADEAMgBCAAAAAAAAAAAAAAAIAAAAMgBfADEAMwABAAAACAAAADIAXwAxADQAAQ==\",\"92;AgAAADEAAQABAAgAAAAyAF8AMQA1AAAAHAAnAAAACAAAADIAXwAxADUACAAAADIAXwAxADIAAIAgAAAAAAAAAAAAAAAAAAAAAAAAAAAAAAAAAAAAAAAAAAAAAAA=\",\"44;CAAAADIAXwAxADUAHQAcAAAAAAAAgCAAAAAAAAAAAAAAgCAAAAAAAAAAAAA=\",\"40;CAAAADIAXwAxADIAAQADAAEAAAAAAAAACAAAADIAXwAxADUAAAAAAA==\",\"74;AgAAADEAAQABAAgAAAAyAF8AMQAxAAAADAAIAAAAMgBfADEAMQAAAAAACAAAADIAXwAxADAAAAABAAEAAAAIAAAAMgBfADEAMgA=\",\"54;AgAAADEAAQABAAgAAAAyAF8AMQAwAAAACwAIAAAAMgBfADEAMAAAAAAACAAAADIAXwAxADEA\",\"54;AgAAADEAAQABAAgAAAAyAF8AMQA5AAAABAADAAAACAAAADIAXwAxADkAAIAgAAAAAAAAAAAA\",\"84;AgAAADEAAQABAAgAAAAyAF8AMgAwAAAAHAAnAAAACAAAADIAXwAyADAAAAAAAACAIAAAAAAAAAAAAAAAAAAAAAAAAAAAAAAAAAAAAAAAAAAAAAAA\",\"32;CAAAADIAXwAyADAAAQAcAAEAAAAAAAAABAAAAAMAAAA=\",\"79;AgAAADEAAQABAAgAAAAyAF8AMQA4AAAAAwAIAAAAMgBfADEAOABCAAAAAAAAAAAAAAAIAAAAMgBfADEAOQABAAAACAAAADIAXwAyADAAAQ==\",\"92;AgAAADEAAQABAAgAAAAyAF8AMgAxAAAAHAAnAAAACAAAADIAXwAyADEACAAAADIAXwAxADgAAIAgAAAAAAAAAAAAAAAAAAAAAAAAAAAAAAAAAAAAAAAAAAAAAAA=\",\"44;CAAAADIAXwAyADEAHQAcAAAAAAAAgCAAAAAAAAAAAAAAgCAAAAAAAAAAAAA=\",\"40;CAAAADIAXwAxADgAAQADAAEAAAAAAAAACAAAADIAXwAyADEAAAAAAA==\",\"74;AgAAADEAAQABAAgAAAAyAF8AMQA3AAAADAAIAAAAMgBfADEANwAAAAAACAAAADIAXwAxADYAAAABAAEAAAAIAAAAMgBfADEAOAA=\",\"54;AgAAADEAAQABAAgAAAAyAF8AMQA2AAAACwAIAAAAMgBfADEANgAAAAAACAAAADIAXwAxADcA\",\"87;AgAAADEAAQABAAYAAAAyAF8AOQAAAAoABgAAADIAXwA5AAAAAAACAAAACAAAADIAXwAxADAACAAAADIAXwAxADYAAAAAAAAAAAAAAAAAAAAAAAAAAAAA\",\"98;AgAAADEAAQABAAYAAAAyAF8AOAAAAAkAAgAAAAYAAAAyAF8AOAAEAAAAMQAxAAEAAAAAAAAAAAAAAAAAAAAAAAAAAAAAAAAAAAEAAAAAAAAAAAABAAAABgAAADIAXwA5AAA=\",\"30;BgAAADIAXwA4AA8ACQACAAAAgIQeAICEHgAAAAAA\",\"26;BgAAADIAXwA4AAEACQACAAAAAAAAAAAAAAA=\",\"48;BgAAADIAXwA4ABMACQAAAAAAEgAAAHUAbgBkAGUAZgBpAG4AZQBkAAQAAAAxADEA\",\"34;BgAAADIAXwA4ABgACQAAAAAAAAABAICWmAADAAAAAAAAAA==\",\"32;AgAAADIAAQACAAEAAAACAAAABgAAADIAXwA4AAAAAAA=\",\"54;AgAAADEAAQABAAgAAAAyAF8AMgAzAAAABAADAAAACAAAADIAXwAyADMAAIAgAAAAAAAAAAAA\",\"84;AgAAADEAAQABAAgAAAAyAF8AMgA0AAAAHAAnAAAACAAAADIAXwAyADQAAAAAAACAIAAAAAAAAAAAAAAAAAAAAAAAAAAAAAAAAAAAAAAAAAAAAAAA\",\"32;CAAAADIAXwAyADQAAQAcAAEAAAAAAAAABAAAAAMAAAA=\",\"79;AgAAADEAAQABAAgAAAAyAF8AMgAyAAAAAwAIAAAAMgBfADIAMgBCAAAAAAAAAAAAAAAIAAAAMgBfADIAMwABAAAACAAAADIAXwAyADQAAQ==\",\"34;AgAAADIAAQACAAEAAAADAAAACAAAADIAXwAyADIAAAAAAA==\"]
[\"66;AgAAADEA//8BAF6jRJONJwAArwEAAEkAAAADAAAAAwAAAAMAAABEAAAARAAAABAAAAA4AC4AMgAuADEALgAzADgA\",\"38;AgAAADEAAQABAAgAAAAyAF8AMgA2AAAA/gMIAAAAMgBfADIANgA=\",\"28;CAAAADIAXwAyADYAAQD+AwAAAAAWU1FBAAAAAA==\",\"51;AgAAADEAAQABAAgAAAAyAF8AMgA3AAAAWQQIAAAAMgBfADIANwABCAAAADIAXwAyADUA\",\"84;AgAAADEAAQABAAgAAAAyAF8AMgA1AAAABQAIAAAAMgBfADIANQABIN9QAAFggjsAAAECAAAAMgAAAQgAAAAyAF8AMgA3AAABCAAAADIAXwAyADYA\",\"24;CAAAADIAXwAyADUADQAFAAAIAAAAAAAA\",\"38;AgAAADEAAQABAAgAAAAyAF8AMgA4AAAAUAQIAAAAMgBfADIAOAA=\",\"38;AgAAADEAAQABAAgAAAAyAF8AMgA5AAAAQQQIAAAAMgBfADIAOQA=\",\"32;CAAAADIAXwAyADgAAwBQBAQAAAAIAAAAMgBfADIAOQA=\",\"32;CAAAADIAXwAyADkABgBBBAQAAAAIAAAAMgBfADIAOAA=\",\"44;CAAAADIAXwAyADkABgBBBAAAAAAIAAAAMgBfADIAOAAIAAAAMgBfADIAOAA=\",\"20;CAAAADIAXwAyADgACgBQBAwAAAA=\",\"38;AgAAADEAAQABAAgAAAAyAF8AMwAwAAAAQAQIAAAAMgBfADMAMAA=\",\"32;CAAAADIAXwAyADkAAgBBBAQAAAAIAAAAMgBfADMAMAA=\",\"32;CAAAADIAXwAzADAADABABAQAAAAIAAAAMgBfADIAOQA=\",\"44;CAAAADIAXwAzADAADABABAAAAAAIAAAAMgBfADIAOQAIAAAAMgBfADIAOQA=\",\"24;CAAAADIAXwAzADAAAQBABAQAAAAAAAAA\",\"24;CAAAADIAXwAzADAAAgBABAQAAAAAAAAA\",\"24;CAAAADIAXwAzADAAAwBABAQAAAAg31AA\",\"24;CAAAADIAXwAzADAABABABAQAAABggjsA\",\"20;CAAAADIAXwAzADAACQBABAgAAAA=\",\"20;CAAAADIAXwAzADAACgBABAgAAAA=\",\"20;CAAAADIAXwAyADgAAQBQBBAAAAA=\",\"38;AgAAADEAAQABAAgAAAAyAF8AMwAxAAAAVAQIAAAAMgBfADMAMQA=\",\"48;CAAAADIAXwAzADEABABUBAEKAAAAXwAzAGMAZAA0AAEEAAAAaABjAAECAAAAdAAA\",\"44;CAAAADIAXwAzADEABABUBAEGAAAAYwBkADIAAQIAAABsAAEEAAAAdgBjAAA=\",\"44;CAAAADIAXwAzADEABABUBAEGAAAAYwBkADQAAQQAAABoAGMAAQIAAABiAAA=\",\"40;CAAAADIAXwAzADEABABUBAECAAAAMAABAgAAAHIAAQQAAAB2AGMAAA==\",\"45;CAAAADIAXwAzADEACABUBAECAAAAbAABAgAAAHQAAQIAAAByAAECAAAAYgAA\",\"38;AgAAADEAAQABAAgAAAAyAF8AMwAyAAAAVQQIAAAAMgBfADMAMgA=\",\"20;CAAAADIAXwAzADIAAgBVBAgAAAA=\",\"32;CAAAADIAXwAzADIAAwBVBAQAAAAIAAAAbgBvAHIAbQA=\",\"20;CAAAADIAXwAzADIAAQBVBAwAAAA=\",\"20;CAAAADIAXwAzADIABQBVBAYAAAA=\",\"20;CAAAADIAXwAzADIABABVBAYAAAA=\",\"45;CAAAADIAXwAzADEABwBUBAEAAAAAAQAAAAAAAAAIAAAAMgBfADMAMgAAAAAA\",\"37;CAAAADIAXwAzADIABgBVBAAAAAAAAAAAAAIAAABsAAIAAAB0AA==\",\"37;CAAAADIAXwAzADIABgBVBAEAAAABAAAAAAIAAAByAAIAAAB0AA==\",\"37;CAAAADIAXwAzADIABgBVBAIAAAABAAAAAAIAAAByAAIAAABiAA==\",\"37;CAAAADIAXwAzADIABgBVBAMAAAABAAAAAAIAAABsAAIAAABiAA==\",\"25;CAAAADIAXwAzADIABgBVBAQAAAAFAAAAAA==\",\"32;CAAAADIAXwAzADEACQBUBAQAAAAIAAAAcgBlAGMAdAA=\",\"32;CAAAADIAXwAyADkAAwBBBAQAAAAIAAAAMgBfADMAMQA=\",\"32;CAAAADIAXwAzADEAAQBUBAQAAAAIAAAAMgBfADIAOQA=\",\"38;AgAAADEAAQABAAgAAAAyAF8AMwAzAAAAPwQIAAAAMgBfADMAMwA=\",\"58;CAAAADIAXwAzADMAAQA/BAQAAAABAgAAAAEBAwAAAAAAAAABAQAAAAoAAABzAGgAYQBkAGUAUMMAAA==\",\"36;CAAAADIAXwAzADMAAgA/BAQAAAABAQAAAAEBAwAAAAAAAAAA\",\"36;CAAAADIAXwAzADMABAA/BAQAAAABAAAAAAEBAwAAAAAAAAAA\",\"36;CAAAADIAXwAzADMAAwA/BAQAAAABAQAAAAEBAwAAAAwAAAAA\",\"32;CAAAADIAXwAyADgABABQBAQAAAAIAAAAMgBfADMAMwA=\",\"32;CAAAADIAXwAyADgABwBQBAQAAAAIAAAAMgBfADIANQA=\",\"32;CAAAADIAXwAyADUACAAFAAIAAAAIAAAAMgBfADIAOAA=\",\"46;CAAAADIAXwAyADgACQBQBAQAAAAAAQEAAAAAAAAAAAAAAAAAAAAAAAAAAAAAAA==\",\"54;AgAAADEAAQABAAgAAAAyAF8AMwA2AAAABAADAAAACAAAADIAXwAzADYAAIAgAAAAAAAAAAAA\",\"84;AgAAADEAAQABAAgAAAAyAF8AMwA3AAAAHAAnAAAACAAAADIAXwAzADcAAAAAAACAIAAAAAAAAAAAAAAAAAAAAAAAAAAAAAAAAAAAAAAAAAAAAAAA\",\"32;CAAAADIAXwAzADcAAQAcAAEAAAAAAAAABAAAAAMAAAA=\",\"79;AgAAADEAAQABAAgAAAAyAF8AMwA1AAAAAwAIAAAAMgBfADMANQBCAAAAAAAAAAAAAAAIAAAAMgBfADMANgABAAAACAAAADIAXwAzADcAAQ==\",\"92;AgAAADEAAQABAAgAAAAyAF8AMwA4AAAAHAAnAAAACAAAADIAXwAzADgACAAAADIAXwAzADUAAIAgAAAAAAAAAAAAAAAAAAAAAAAAAAAAAAAAAAAAAAAAAAAAAAA=\",\"44;CAAAADIAXwAzADgAHQAcAAAAAAAAgCAAAAAAAAAAAAAAgCAAAAAAAAAAAAA=\",\"40;CAAAADIAXwAzADUAAQADAAEAAAAAAAAACAAAADIAXwAzADgAAAAAAA==\",\"73;AgAAADEAAQABAAgAAAAyAF8AMwA0AAAADAAIAAAAMgBfADMANAAAAAAACAAAADIAXwAyADgAAAAAAQAAAAgAAAAyAF8AMwA1AA==\",\"32;CAAAADIAXwAyADgABgBQBAQAAAAIAAAAMgBfADMANAA=\",\"24;CAAAADIAXwAzADUABAADAAQAAAACAAAA\",\"71;CAAAADIAXwAyADkABABBBAQAAAAAAQQAAAACAAAAAQEBAAAAzOD/AAABAAAAAAEBAQAAAAFAmwAAAaCGAQAAAQEAAAAAAAA=\",\"35;CAAAADIAXwAyADkABQBBBAQAAAABAAECAAAAAAAAAAAAAAA=\",\"48;CAAAADIAXwAyADUAAwAFAPBgEwDwYBMA8GATAAAAAAAAAAAAAAAAAAAAAAAAAAAA\",\"24;CAAAADIAXwAyADUAAQAFAAIAAAABAAAA\",\"24;CAAAADIAXwAyADUAAgAFAAEAAAACAAAA\",\"18;CAAAADIAXwAyADUABwAFAAAA\",\"36;CAAAADIAXwAyADUABQAFAAYAAAABAAAAAAABAAAAAAAAAAAA\",\"90;AgAAADEAAQABAAgAAAAyAF8AMwA5AAAAHAAnAAAACAAAADIAXwAzADkABgAAADYANgA0AACAIAAAAAAAAAAAAAAAAAAAAAAAAAAAAAAAAAAAAAAAAAAAAAAA\",\"44;CAAAADIAXwAzADkAAQAcAAEAAAAAAAAAFgAAAAgAAAAyAF8AMgA1AAMAAAA=\",\"38;BgAAADYANgA0AAEAAwABAAAAAgAAAAgAAAAyAF8AMwA5AAAAAAA=\",\"40;CAAAADIAXwAyADUADwAFAAEIAAAAMgBfADMAOQABBgAAADYANgA0AA==\"]
[\"66;AgAAADEA//8BAF6jRJONJwAArwEAAAQAAAAEAAAABAAAAAQAAACOAAAAjgAAABAAAAA4AC4AMgAuADEALgAzADgA\",\"591;AgAAADEAAQABAAgAAAAyAF8ANAAwAAAAFwAIAAAAMgBfADQAMAAAABgAAABTAGUAdABTAGgAZAAgAEcAcgBlAGUAbgAAAQABAQAAAAABAAEAAQABAAEAgCAAAAAAAAAAAABCAAAAAAAAAAAAAAAAAAAAAAAAAAAAAAABAIAgAAAAAAAAAAAAQgAAAAAAAAAAAAAAAAAAAAAAAAAAAAAAAIAgAAAAAAAAAAAAQgAAAAAAAAAAAAAAAAAAAAAAAAAAAAAAAIAgAAAAAAAAAAAAQgAAAAAAAAAAAAAAAAAAAAAAAAAAAAAAAIAgAAAAAAAAAAAAQgAAAAAAAAAAAAAAAAAAAAAAAAAAAAAAAIAgAAAAAAAAAAAAQgAAAAAAAAAAAAAAAAAAAAAAAAAAAAAAAIAgAAAAAAAAAAAAQgAAAAAAAAAAAAAAAAAAAAAAAAAAAAAAAIAgAAAAAAAAAAAAQgAAAAAAAAAAAAAAAAAAAAAAAAAAAAAAAIAgAAAAAAAAAAAAQgAAAAAAAAAAAAAAAAAAAAAAAAAAAAAAAIAgAAAAAAAAAAAAQgAAAAAAAAAAAAAAAAAAAAAAAAAAAAAAAIAgAAAAAAAAAAAAQgAAAAAAAAAAAAAAAAAAAAAAAAAAAAAAAIAgAAAAAAAAAAAAQgAAAAAAAAAAAAAAAAAAAAAAAAAAAAAAAIAgAAAAAAAAAAAAQgAAAAAAAAAAAAAAAAAAAAAAAAAAAAAAAIAgAAAAAAAAAAAAQgAAAAAAAAAAAAAAAAAAAAAAAAAAAAAA\",\"22;AgAAADkAAQAYAAgAAAAyAF8ANAAwAA==\",\"58;CAAAADIAXwA0ADAAAgAXAAAAAADCAAAAAAAAAAAAAAAAAZDukAAAAAGQ7pAAAEIAAAAAAAAAAAAAAA==\",\"54;BgAAADYANgA0AB4AAwAAAAAAQgABAAAAAAAAAAAACAAAADIAXwA0ADAAQgAAAAAAAAAAAAAA\"]
[\"66;AgAAADEA//8BAF6jRJONJwAArwEAAAUAAAAFAAAABQAAAAUAAACTAAAAkwAAABAAAAA4AC4AMgAuADEALgAzADgA\",\"591;AgAAADEAAQABAAgAAAAyAF8ANAAxAAAAFwAIAAAAMgBfADQAMQAAABgAAABTAGUAdABTAGgAZAAgAEcAcgBlAGUAbgAAAQABAQAAAAABAAEAAQABAAEAgCAAAAAAAAAAAABCAAAAAAAAAAAAAAAAAAAAAAAAAAAAAAABAIAgAAAAAAAAAAAAQgAAAAAAAAAAAAAAAAAAAAAAAAAAAAAAAIAgAAAAAAAAAAAAQgAAAAAAAAAAAAAAAAAAAAAAAAAAAAAAAIAgAAAAAAAAAAAAQgAAAAAAAAAAAAAAAAAAAAAAAAAAAAAAAIAgAAAAAAAAAAAAQgAAAAAAAAAAAAAAAAAAAAAAAAAAAAAAAIAgAAAAAAAAAAAAQgAAAAAAAAAAAAAAAAAAAAAAAAAAAAAAAIAgAAAAAAAAAAAAQgAAAAAAAAAAAAAAAAAAAAAAAAAAAAAAAIAgAAAAAAAAAAAAQgAAAAAAAAAAAAAAAAAAAAAAAAAAAAAAAIAgAAAAAAAAAAAAQgAAAAAAAAAAAAAAAAAAAAAAAAAAAAAAAIAgAAAAAAAAAAAAQgAAAAAAAAAAAAAAAAAAAAAAAAAAAAAAAIAgAAAAAAAAAAAAQgAAAAAAAAAAAAAAAAAAAAAAAAAAAAAAAIAgAAAAAAAAAAAAQgAAAAAAAAAAAAAAAAAAAAAAAAAAAAAAAIAgAAAAAAAAAAAAQgAAAAAAAAAAAAAAAAAAAAAAAAAAAAAAAIAgAAAAAAAAAAAAQgAAAAAAAAAAAAAAAAAAAAAAAAAAAAAA\",\"22;AgAAADkAAgAYAAgAAAAyAF8ANAAwAA==\",\"22;AgAAADkAAQAYAAgAAAAyAF8ANAAxAA==\",\"58;CAAAADIAXwA0ADEAAgAXAAAAAADCAAAAAAAAAAAAAAAAAYfO+gAAAAGHzvoAAEIAAAAAAAAAAAAAAA==\",\"66;BgAAADYANgA0AB4AAwAAAAAAQgABAAAAAAAAAAAACAAAADIAXwA0ADEAQgABAAAAAAAAAAAACAAAADIAXwA0ADAA\"]
[\"66;AgAAADEA//8BAF6jRJONJwAAhwAAABAAAAAGAAAABgAAAAYAAACZAAAAmQAAABAAAAA4AC4AMgAuADEALgAzADgA\",\"40;CAAAADIAXwAzADQAAgACAAEAAAAAAAAACAAAADIAXwAzADUAAAAAAA==\",\"54;AgAAADEAAQABAAgAAAAyAF8ANAAzAAAABAADAAAACAAAADIAXwA0ADMAAIAgAAAAAAAAAAAA\",\"84;AgAAADEAAQABAAgAAAAyAF8ANAA0AAAAHAAnAAAACAAAADIAXwA0ADQAAAAAAACAIAAAAAAAAAAAAAAAAAAAAAAAAAAAAAAAAAAAAAAAAAAAAAAA\",\"32;CAAAADIAXwA0ADQAAQAcAAEAAAAAAAAABAAAAAMAAAA=\",\"79;AgAAADEAAQABAAgAAAAyAF8ANAAyAAAAAwAIAAAAMgBfADQAMgBCAAAAAAAAAAAAAAAIAAAAMgBfADQAMwABAAAACAAAADIAXwA0ADQAAQ==\",\"40;CAAAADIAXwAzADQAAQAMAAEAAAAAAAAACAAAADIAXwA0ADIAAAAAAA==\",\"52;BgAAADYANgA0AAIAAwACAAAAAQAAAAYAAAAyAF8AMwABAAAACAAAADIAXwAzADkAAAAAAA==\",\"54;AgAAADEAAQABAAgAAAAyAF8ANAA2AAAABAADAAAACAAAADIAXwA0ADYAAIAgAAAAAAAAAAAA\",\"84;AgAAADEAAQABAAgAAAAyAF8ANAA3AAAAHAAnAAAACAAAADIAXwA0ADcAAAAAAACAIAAAAAAAAAAAAAAAAAAAAAAAAAAAAAAAAAAAAAAAAAAAAAAA\",\"32;CAAAADIAXwA0ADcAAQAcAAEAAAAAAAAABAAAAAMAAAA=\",\"79;AgAAADEAAQABAAgAAAAyAF8ANAA1AAAAAwAIAAAAMgBfADQANQBCAAAAAAAAAAAAAAAIAAAAMgBfADQANgABAAAACAAAADIAXwA0ADcAAQ==\",\"92;AgAAADEAAQABAAgAAAAyAF8ANAA4AAAAHAAnAAAACAAAADIAXwA0ADgACAAAADIAXwA0ADUAAIAgAAAAAAAAAAAAAAAAAAAAAAAAAAAAAAAAAAAAAAAAAAAAAAA=\",\"44;CAAAADIAXwA0ADgAHQAcAAAAAAAAgCAAAAAAAAAAAAAAgCAAAAAAAAAAAAA=\",\"40;CAAAADIAXwA0ADUAAQADAAEAAAAAAAAACAAAADIAXwA0ADgAAAAAAA==\",\"34;AgAAADIAAQACAAEAAAAAAAAACAAAADIAXwA0ADUAAAAAAA==\",\"76;AgAAADIAAgACAAQAAAABAAAABgAAADYANgA0AAEAAAAGAAAAMgBfADQAAQAAAAYAAAAyAF8AOAABAAAACAAAADIAXwAyADIAAAAAAA==\"]
[\"66;AgAAADEA//8BAF6jRJONJwAArwEAAAsAAAAHAAAABwAAAAcAAACqAAAAqgAAABAAAAA4AC4AMgAuADEALgAzADgA\",\"92;AgAAADEAAQABAAgAAAAyAF8ANAA5AAAAHAAnAAAACAAAADIAXwA0ADkACAAAADIAXwA0ADUAAIAgAAAAAAAAAAAAAAAAAAAAAAAAAAAAAAAAAAAAAAAAAAAAAAA=\",\"37;CAAAADIAXwA0ADkAAQAcAAEAAAAAAAAAAQAAAEEAAAAAAwAAAA==\",\"37;CAAAADIAXwA0ADkAAQAcAAEAAAABAAAAAQAAAGQAAAAAAwAAAA==\",\"37;CAAAADIAXwA0ADkAAQAcAAEAAAACAAAAAQAAAGQAAAAAAwAAAA==\",\"36;CAAAADIAXwA0ADkAAQAcAAEAAAADAAAAAgAAACAAAAADAAAA\",\"37;CAAAADIAXwA0ADkAAQAcAAEAAAAEAAAAAQAAAFQAAAAAAwAAAA==\",\"37;CAAAADIAXwA0ADkAAQAcAAEAAAAFAAAAAQAAAGUAAAAAAwAAAA==\",\"37;CAAAADIAXwA0ADkAAQAcAAEAAAAGAAAAAQAAAHgAAAAAAwAAAA==\",\"37;CAAAADIAXwA0ADkAAQAcAAEAAAAHAAAAAQAAAHQAAAAAAwAAAA==\",\"37;CAAAADIAXwA0ADkAAQAcAAEAAAAIAAAAAQAAAC4AAAAAAwAAAA==\",\"40;CAAAADIAXwA0ADUAAQADAAEAAAABAAAACAAAADIAXwA0ADkAAAAAAA==\"]
[\"66;AgAAADEA//8BAF6jRJONJwAArwEAABgAAAAIAAAACAAAAAgAAAC2AAAAtgAAABAAAAA4AC4AMgAuADEALgAzADgA\",\"54;AgAAADEAAQABAAgAAAAyAF8ANQAxAAAABAADAAAACAAAADIAXwA1ADEAAIAgAAAAAAAAAAAA\",\"84;AgAAADEAAQABAAgAAAAyAF8ANQAyAAAAHAAnAAAACAAAADIAXwA1ADIAAAAAAACAIAAAAAAAAAAAAAAAAAAAAAAAAAAAAAAAAAAAAAAAAAAAAAAA\",\"32;CAAAADIAXwA1ADIAAQAcAAEAAAAAAAAABAAAAAMAAAA=\",\"79;AgAAADEAAQABAAgAAAAyAF8ANQAwAAAAAwAIAAAAMgBfADUAMABCAAAAAAAAAAAAAAAIAAAAMgBfADUAMQABAAAACAAAADIAXwA1ADIAAQ==\",\"92;AgAAADEAAQABAAgAAAAyAF8ANQAzAAAAHAAnAAAACAAAADIAXwA1ADMACAAAADIAXwA1ADAAAIAgAAAAAAAAAAAAAAAAAAAAAAAAAAAAAAAAAAAAAAAAAAAAAAA=\",\"37;CAAAADIAXwA1ADMAAQAcAAEAAAAAAAAAAQAAAEMAAAAAAwAAAA==\",\"37;CAAAADIAXwA1ADMAAQAcAAEAAAABAAAAAQAAAHIAAAAAAwAAAA==\",\"37;CAAAADIAXwA1ADMAAQAcAAEAAAACAAAAAQAAAGUAAAAAAwAAAA==\",\"37;CAAAADIAXwA1ADMAAQAcAAEAAAADAAAAAQAAAGEAAAAAAwAAAA==\",\"37;CAAAADIAXwA1ADMAAQAcAAEAAAAEAAAAAQAAAHQAAAAAAwAAAA==\",\"37;CAAAADIAXwA1ADMAAQAcAAEAAAAFAAAAAQAAAGUAAAAAAwAAAA==\",\"36;CAAAADIAXwA1ADMAAQAcAAEAAAAGAAAAAgAAACAAAAADAAAA\",\"37;CAAAADIAXwA1ADMAAQAcAAEAAAAHAAAAAQAAAFAAAAAAAwAAAA==\",\"37;CAAAADIAXwA1ADMAAQAcAAEAAAAIAAAAAQAAAGEAAAAAAwAAAA==\",\"37;CAAAADIAXwA1ADMAAQAcAAEAAAAJAAAAAQAAAHIAAAAAAwAAAA==\",\"37;CAAAADIAXwA1ADMAAQAcAAEAAAAKAAAAAQAAAGEAAAAAAwAAAA==\",\"37;CAAAADIAXwA1ADMAAQAcAAEAAAALAAAAAQAAAGcAAAAAAwAAAA==\",\"37;CAAAADIAXwA1ADMAAQAcAAEAAAAMAAAAAQAAAHIAAAAAAwAAAA==\",\"37;CAAAADIAXwA1ADMAAQAcAAEAAAANAAAAAQAAAGEAAAAAAwAAAA==\",\"37;CAAAADIAXwA1ADMAAQAcAAEAAAAOAAAAAQAAAHAAAAAAAwAAAA==\",\"37;CAAAADIAXwA1ADMAAQAcAAEAAAAPAAAAAQAAAGgAAAAAAwAAAA==\",\"37;CAAAADIAXwA1ADMAAQAcAAEAAAAQAAAAAQAAAC4AAAAAAwAAAA==\",\"40;CAAAADIAXwA1ADAAAQADAAEAAAAAAAAACAAAADIAXwA1ADMAAAAAAA==\",\"34;AgAAADIAAQACAAEAAAABAAAACAAAADIAXwA1ADAAAAAAAA==\"]
[\"66;AgAAADEA//8BAF6jRJONJwAArwEAAB4AAAAJAAAACQAAAAkAAADPAAAAzwAAABAAAAA4AC4AMgAuADEALgAzADgA\",\"54;AgAAADEAAQABAAgAAAAyAF8ANQA5AAAABAADAAAACAAAADIAXwA1ADkAAIAgAAAAAAAAAAAA\",\"84;AgAAADEAAQABAAgAAAAyAF8ANgAwAAAAHAAnAAAACAAAADIAXwA2ADAAAAAAAACAIAAAAAAAAAAAAAAAAAAAAAAAAAAAAAAAAAAAAAAAAAAAAAAA\",\"32;CAAAADIAXwA2ADAAAQAcAAEAAAAAAAAABAAAAAMAAAA=\",\"79;AgAAADEAAQABAAgAAAAyAF8ANQA4AAAAAwAIAAAAMgBfADUAOABCAAAAAAAAAAAAAAAIAAAAMgBfADUAOQABAAAACAAAADIAXwA2ADAAAQ==\",\"92;AgAAADEAAQABAAgAAAAyAF8ANgAxAAAAHAAnAAAACAAAADIAXwA2ADEACAAAADIAXwA1ADgAAIAgAAAAAAAAAAAAAAAAAAAAAAAAAAAAAAAAAAAAAAAAAAAAAAA=\",\"44;CAAAADIAXwA2ADEAHQAcAAAAAAAAgCAAAAAAAAAAAAAAgCAAAAAAAAAAAAA=\",\"40;CAAAADIAXwA1ADgAAQADAAEAAAAAAAAACAAAADIAXwA2ADEAAAAAAA==\",\"74;AgAAADEAAQABAAgAAAAyAF8ANQA3AAAADAAIAAAAMgBfADUANwAAAAAACAAAADIAXwA1ADYAAAABAAEAAAAIAAAAMgBfADUAOAA=\",\"54;AgAAADEAAQABAAgAAAAyAF8ANQA2AAAACwAIAAAAMgBfADUANgAAAAAACAAAADIAXwA1ADcA\",\"54;AgAAADEAAQABAAgAAAAyAF8ANgA1AAAABAADAAAACAAAADIAXwA2ADUAAIAgAAAAAAAAAAAA\",\"84;AgAAADEAAQABAAgAAAAyAF8ANgA2AAAAHAAnAAAACAAAADIAXwA2ADYAAAAAAACAIAAAAAAAAAAAAAAAAAAAAAAAAAAAAAAAAAAAAAAAAAAAAAAA\",\"32;CAAAADIAXwA2ADYAAQAcAAEAAAAAAAAABAAAAAMAAAA=\",\"79;AgAAADEAAQABAAgAAAAyAF8ANgA0AAAAAwAIAAAAMgBfADYANABCAAAAAAAAAAAAAAAIAAAAMgBfADYANQABAAAACAAAADIAXwA2ADYAAQ==\",\"92;AgAAADEAAQABAAgAAAAyAF8ANgA3AAAAHAAnAAAACAAAADIAXwA2ADcACAAAADIAXwA2ADQAAIAgAAAAAAAAAAAAAAAAAAAAAAAAAAAAAAAAAAAAAAAAAAAAAAA=\",\"44;CAAAADIAXwA2ADcAHQAcAAAAAAAAgCAAAAAAAAAAAAAAgCAAAAAAAAAAAAA=\",\"40;CAAAADIAXwA2ADQAAQADAAEAAAAAAAAACAAAADIAXwA2ADcAAAAAAA==\",\"74;AgAAADEAAQABAAgAAAAyAF8ANgAzAAAADAAIAAAAMgBfADYAMwAAAAAACAAAADIAXwA2ADIAAAABAAEAAAAIAAAAMgBfADYANAA=\",\"54;AgAAADEAAQABAAgAAAAyAF8ANgAyAAAACwAIAAAAMgBfADYAMgAAAAAACAAAADIAXwA2ADMA\",\"91;AgAAADEAAQABAAgAAAAyAF8ANQA1AAAACgAIAAAAMgBfADUANQAAAAAAAgAAAAgAAAAyAF8ANQA2AAgAAAAyAF8ANgAyAAAAAAAAAAAAAAAAAAAAAAAAAAAAAA==\",\"104;AgAAADEAAQABAAgAAAAyAF8ANQA0AAAACQACAAAACAAAADIAXwA1ADQABAAAADEAMQABAAAAAAAAAAAAAAAAAAAAAAAAAAAAAAAAAAABAAAAAAAAAAAAAQAAAAgAAAAyAF8ANQA1AAA=\",\"32;CAAAADIAXwA1ADQADwAJAAIAAACAhB4AgIQeAAAAAAA=\",\"28;CAAAADIAXwA1ADQAAQAJAAIAAAAAAAAAAAAAAA==\",\"50;CAAAADIAXwA1ADQAEwAJAAAAAAASAAAAdQBuAGQAZQBmAGkAbgBlAGQABAAAADEAMQA=\",\"36;CAAAADIAXwA1ADQAGAAJAAAAAAAAAAEAgJaYAAMAAAAAAAAA\",\"34;AgAAADIAAQACAAEAAAACAAAACAAAADIAXwA1ADQAAAAAAA==\",\"54;AgAAADEAAQABAAgAAAAyAF8ANgA5AAAABAADAAAACAAAADIAXwA2ADkAAIAgAAAAAAAAAAAA\",\"84;AgAAADEAAQABAAgAAAAyAF8ANwAwAAAAHAAnAAAACAAAADIAXwA3ADAAAAAAAACAIAAAAAAAAAAAAAAAAAAAAAAAAAAAAAAAAAAAAAAAAAAAAAAA\",\"32;CAAAADIAXwA3ADAAAQAcAAEAAAAAAAAABAAAAAMAAAA=\",\"79;AgAAADEAAQABAAgAAAAyAF8ANgA4AAAAAwAIAAAAMgBfADYAOABCAAAAAAAAAAAAAAAIAAAAMgBfADYAOQABAAAACAAAADIAXwA3ADAAAQ==\",\"34;AgAAADIAAQACAAEAAAADAAAACAAAADIAXwA2ADgAAAAAAA==\"]
[\"66;AgAAADEA//8BAF6jRJONJwAArwEAAEkAAAAKAAAACgAAAAoAAADuAAAA7gAAABAAAAA4AC4AMgAuADEALgAzADgA\",\"38;AgAAADEAAQABAAgAAAAyAF8ANwAyAAAA/gMIAAAAMgBfADcAMgA=\",\"28;CAAAADIAXwA3ADIAAQD+AwAAAADXPAIiAAAAAA==\",\"51;AgAAADEAAQABAAgAAAAyAF8ANwAzAAAAWQQIAAAAMgBfADcAMwABCAAAADIAXwA3ADEA\",\"84;AgAAADEAAQABAAgAAAAyAF8ANwAxAAAABQAIAAAAMgBfADcAMQABIN9QAAFggjsAAAECAAAAMgAAAQgAAAAyAF8ANwAzAAABCAAAADIAXwA3ADIA\",\"24;CAAAADIAXwA3ADEADQAFAAAMAAAAAAAA\",\"38;AgAAADEAAQABAAgAAAAyAF8ANwA0AAAAUAQIAAAAMgBfADcANAA=\",\"38;AgAAADEAAQABAAgAAAAyAF8ANwA1AAAAQQQIAAAAMgBfADcANQA=\",\"32;CAAAADIAXwA3ADQAAwBQBAQAAAAIAAAAMgBfADcANQA=\",\"32;CAAAADIAXwA3ADUABgBBBAQAAAAIAAAAMgBfADcANAA=\",\"44;CAAAADIAXwA3ADUABgBBBAAAAAAIAAAAMgBfADcANAAIAAAAMgBfADcANAA=\",\"20;CAAAADIAXwA3ADQACgBQBAwAAAA=\",\"38;AgAAADEAAQABAAgAAAAyAF8ANwA2AAAAQAQIAAAAMgBfADcANgA=\",\"32;CAAAADIAXwA3ADUAAgBBBAQAAAAIAAAAMgBfADcANgA=\",\"32;CAAAADIAXwA3ADYADABABAQAAAAIAAAAMgBfADcANQA=\",\"44;CAAAADIAXwA3ADYADABABAAAAAAIAAAAMgBfADcANQAIAAAAMgBfADcANQA=\",\"24;CAAAADIAXwA3ADYAAQBABAQAAAAAAAAA\",\"24;CAAAADIAXwA3ADYAAgBABAQAAAAAAAAA\",\"24;CAAAADIAXwA3ADYAAwBABAQAAAAg31AA\",\"24;CAAAADIAXwA3ADYABABABAQAAABggjsA\",\"20;CAAAADIAXwA3ADYACQBABAgAAAA=\",\"20;CAAAADIAXwA3ADYACgBABAgAAAA=\",\"20;CAAAADIAXwA3ADQAAQBQBBAAAAA=\",\"38;AgAAADEAAQABAAgAAAAyAF8ANwA3AAAAVAQIAAAAMgBfADcANwA=\",\"48;CAAAADIAXwA3ADcABABUBAEKAAAAXwAzAGMAZAA0AAEEAAAAaABjAAECAAAAdAAA\",\"44;CAAAADIAXwA3ADcABABUBAEGAAAAYwBkADIAAQIAAABsAAEEAAAAdgBjAAA=\",\"44;CAAAADIAXwA3ADcABABUBAEGAAAAYwBkADQAAQQAAABoAGMAAQIAAABiAAA=\",\"40;CAAAADIAXwA3ADcABABUBAECAAAAMAABAgAAAHIAAQQAAAB2AGMAAA==\",\"45;CAAAADIAXwA3ADcACABUBAECAAAAbAABAgAAAHQAAQIAAAByAAECAAAAYgAA\",\"38;AgAAADEAAQABAAgAAAAyAF8ANwA4AAAAVQQIAAAAMgBfADcAOAA=\",\"20;CAAAADIAXwA3ADgAAgBVBAgAAAA=\",\"32;CAAAADIAXwA3ADgAAwBVBAQAAAAIAAAAbgBvAHIAbQA=\",\"20;CAAAADIAXwA3ADgAAQBVBAwAAAA=\",\"20;CAAAADIAXwA3ADgABQBVBAYAAAA=\",\"20;CAAAADIAXwA3ADgABABVBAYAAAA=\",\"45;CAAAADIAXwA3ADcABwBUBAEAAAAAAQAAAAAAAAAIAAAAMgBfADcAOAAAAAAA\",\"37;CAAAADIAXwA3ADgABgBVBAAAAAAAAAAAAAIAAABsAAIAAAB0AA==\",\"37;CAAAADIAXwA3ADgABgBVBAEAAAABAAAAAAIAAAByAAIAAAB0AA==\",\"37;CAAAADIAXwA3ADgABgBVBAIAAAABAAAAAAIAAAByAAIAAABiAA==\",\"37;CAAAADIAXwA3ADgABgBVBAMAAAABAAAAAAIAAABsAAIAAABiAA==\",\"25;CAAAADIAXwA3ADgABgBVBAQAAAAFAAAAAA==\",\"32;CAAAADIAXwA3ADcACQBUBAQAAAAIAAAAcgBlAGMAdAA=\",\"32;CAAAADIAXwA3ADUAAwBBBAQAAAAIAAAAMgBfADcANwA=\",\"32;CAAAADIAXwA3ADcAAQBUBAQAAAAIAAAAMgBfADcANQA=\",\"38;AgAAADEAAQABAAgAAAAyAF8ANwA5AAAAPwQIAAAAMgBfADcAOQA=\",\"58;CAAAADIAXwA3ADkAAQA/BAQAAAABAgAAAAEBAwAAAAAAAAABAQAAAAoAAABzAGgAYQBkAGUAUMMAAA==\",\"36;CAAAADIAXwA3ADkAAgA/BAQAAAABAQAAAAEBAwAAAAAAAAAA\",\"36;CAAAADIAXwA3ADkABAA/BAQAAAABAAAAAAEBAwAAAAAAAAAA\",\"36;CAAAADIAXwA3ADkAAwA/BAQAAAABAQAAAAEBAwAAAAwAAAAA\",\"32;CAAAADIAXwA3ADQABABQBAQAAAAIAAAAMgBfADcAOQA=\",\"32;CAAAADIAXwA3ADQABwBQBAQAAAAIAAAAMgBfADcAMQA=\",\"32;CAAAADIAXwA3ADEACAAFAAIAAAAIAAAAMgBfADcANAA=\",\"46;CAAAADIAXwA3ADQACQBQBAQAAAAAAQEAAAAAAAAAAAAAAAAAAAAAAAAAAAAAAA==\",\"54;AgAAADEAAQABAAgAAAAyAF8AOAAyAAAABAADAAAACAAAADIAXwA4ADIAAIAgAAAAAAAAAAAA\",\"84;AgAAADEAAQABAAgAAAAyAF8AOAAzAAAAHAAnAAAACAAAADIAXwA4ADMAAAAAAACAIAAAAAAAAAAAAAAAAAAAAAAAAAAAAAAAAAAAAAAAAAAAAAAA\",\"32;CAAAADIAXwA4ADMAAQAcAAEAAAAAAAAABAAAAAMAAAA=\",\"79;AgAAADEAAQABAAgAAAAyAF8AOAAxAAAAAwAIAAAAMgBfADgAMQBCAAAAAAAAAAAAAAAIAAAAMgBfADgAMgABAAAACAAAADIAXwA4ADMAAQ==\",\"92;AgAAADEAAQABAAgAAAAyAF8AOAA0AAAAHAAnAAAACAAAADIAXwA4ADQACAAAADIAXwA4ADEAAIAgAAAAAAAAAAAAAAAAAAAAAAAAAAAAAAAAAAAAAAAAAAAAAAA=\",\"44;CAAAADIAXwA4ADQAHQAcAAAAAAAAgCAAAAAAAAAAAAAAgCAAAAAAAAAAAAA=\",\"40;CAAAADIAXwA4ADEAAQADAAEAAAAAAAAACAAAADIAXwA4ADQAAAAAAA==\",\"73;AgAAADEAAQABAAgAAAAyAF8AOAAwAAAADAAIAAAAMgBfADgAMAAAAAAACAAAADIAXwA3ADQAAAAAAQAAAAgAAAAyAF8AOAAxAA==\",\"32;CAAAADIAXwA3ADQABgBQBAQAAAAIAAAAMgBfADgAMAA=\",\"24;CAAAADIAXwA4ADEABAADAAQAAAACAAAA\",\"71;CAAAADIAXwA3ADUABABBBAQAAAAAAQQAAAACAAAAAQEBAAAAzOD/AAABAAAAAAEBAQAAAAFAmwAAAaCGAQAAAQEAAAAAAAA=\",\"35;CAAAADIAXwA3ADUABQBBBAQAAAABAAECAAAAAAAAAAAAAAA=\",\"48;CAAAADIAXwA3ADEAAwAFAPBgEwDwYBMA8GATAAAAAAAAAAAAAAAAAAAAAAAAAAAA\",\"24;CAAAADIAXwA3ADEAAQAFAAIAAAABAAAA\",\"24;CAAAADIAXwA3ADEAAgAFAAEAAAACAAAA\",\"18;CAAAADIAXwA3ADEABwAFAAAA\",\"36;CAAAADIAXwA3ADEABQAFAAYAAAABAAAAAAABAAAAAAAAAAAA\",\"92;AgAAADEAAQABAAgAAAAyAF8AOAA1AAAAHAAnAAAACAAAADIAXwA4ADUACAAAADIAXwA0ADUAAIAgAAAAAAAAAAAAAAAAAAAAAAAAAAAAAAAAAAAAAAAAAAAAAAA=\",\"44;CAAAADIAXwA4ADUAAQAcAAEAAAAAAAAAFgAAAAgAAAAyAF8ANwAxAAMAAAA=\",\"40;CAAAADIAXwA0ADUAAQADAAEAAAACAAAACAAAADIAXwA4ADUAAAAAAA==\",\"42;CAAAADIAXwA3ADEADwAFAAEIAAAAMgBfADgANQABCAAAADIAXwA0ADUA\"]
[\"66;AgAAADEA//8BAF6jRJONJwAArwEAAAUAAAALAAAACwAAAAsAAAA4AQAAOAEAABAAAAA4AC4AMgAuADEALgAzADgA\",\"591;AgAAADEAAQABAAgAAAAyAF8AOAA2AAAAFwAIAAAAMgBfADgANgAAABgAAABTAGUAdABTAGgAZAAgAEcAcgBlAGUAbgAAAQABAQAAAAABAAEAAQABAAEAgCAAAAAAAAAAAABCAAAAAAAAAAAAAAAAAAAAAAAAAAAAAAABAIAgAAAAAAAAAAAAQgAAAAAAAAAAAAAAAAAAAAAAAAAAAAAAAIAgAAAAAAAAAAAAQgAAAAAAAAAAAAAAAAAAAAAAAAAAAAAAAIAgAAAAAAAAAAAAQgAAAAAAAAAAAAAAAAAAAAAAAAAAAAAAAIAgAAAAAAAAAAAAQgAAAAAAAAAAAAAAAAAAAAAAAAAAAAAAAIAgAAAAAAAAAAAAQgAAAAAAAAAAAAAAAAAAAAAAAAAAAAAAAIAgAAAAAAAAAAAAQgAAAAAAAAAAAAAAAAAAAAAAAAAAAAAAAIAgAAAAAAAAAAAAQgAAAAAAAAAAAAAAAAAAAAAAAAAAAAAAAIAgAAAAAAAAAAAAQgAAAAAAAAAAAAAAAAAAAAAAAAAAAAAAAIAgAAAAAAAAAAAAQgAAAAAAAAAAAAAAAAAAAAAAAAAAAAAAAIAgAAAAAAAAAAAAQgAAAAAAAAAAAAAAAAAAAAAAAAAAAAAAAIAgAAAAAAAAAAAAQgAAAAAAAAAAAAAAAAAAAAAAAAAAAAAAAIAgAAAAAAAAAAAAQgAAAAAAAAAAAAAAAAAAAAAAAAAAAAAAAIAgAAAAAAAAAAAAQgAAAAAAAAAAAAAAAAAAAAAAAAAAAAAA\",\"22;AgAAADkAAgAYAAgAAAAyAF8ANAAxAA==\",\"22;AgAAADkAAQAYAAgAAAAyAF8AOAA2AA==\",\"58;CAAAADIAXwA4ADYAAgAXAAAAAADCAAAAAAAAAAAAAAAAAZDukAAAAAGQ7pAAAEIAAAAAAAAAAAAAAA==\",\"56;CAAAADIAXwA0ADUAHgADAAAAAABCAAEAAAAAAAAAAAAIAAAAMgBfADgANgBCAAAAAAAAAAAAAAA=\"]
[\"66;AgAAADEA//8BAF6jRJONJwAArwEAAAUAAAAMAAAADAAAAAwAAAA+AQAAPgEAABAAAAA4AC4AMgAuADEALgAzADgA\",\"591;AgAAADEAAQABAAgAAAAyAF8AOAA3AAAAFwAIAAAAMgBfADgANwAAABgAAABTAGUAdABTAGgAZAAgAEcAcgBlAGUAbgAAAQABAQAAAAABAAEAAQABAAEAgCAAAAAAAAAAAABCAAAAAAAAAAAAAAAAAAAAAAAAAAAAAAABAIAgAAAAAAAAAAAAQgAAAAAAAAAAAAAAAAAAAAAAAAAAAAAAAIAgAAAAAAAAAAAAQgAAAAAAAAAAAAAAAAAAAAAAAAAAAAAAAIAgAAAAAAAAAAAAQgAAAAAAAAAAAAAAAAAAAAAAAAAAAAAAAIAgAAAAAAAAAAAAQgAAAAAAAAAAAAAAAAAAAAAAAAAAAAAAAIAgAAAAAAAAAAAAQgAAAAAAAAAAAAAAAAAAAAAAAAAAAAAAAIAgAAAAAAAAAAAAQgAAAAAAAAAAAAAAAAAAAAAAAAAAAAAAAIAgAAAAAAAAAAAAQgAAAAAAAAAAAAAAAAAAAAAAAAAAAAAAAIAgAAAAAAAAAAAAQgAAAAAAAAAAAAAAAAAAAAAAAAAAAAAAAIAgAAAAAAAAAAAAQgAAAAAAAAAAAAAAAAAAAAAAAAAAAAAAAIAgAAAAAAAAAAAAQgAAAAAAAAAAAAAAAAAAAAAAAAAAAAAAAIAgAAAAAAAAAAAAQgAAAAAAAAAAAAAAAAAAAAAAAAAAAAAAAIAgAAAAAAAAAAAAQgAAAAAAAAAAAAAAAAAAAAAAAAAAAAAAAIAgAAAAAAAAAAAAQgAAAAAAAAAAAAAAAAAAAAAAAAAAAAAA\",\"22;AgAAADkAAgAYAAgAAAAyAF8AOAA2AA==\",\"22;AgAAADkAAQAYAAgAAAAyAF8AOAA3AA==\",\"58;CAAAADIAXwA4ADcAAgAXAAAAAADCAAAAAAAAAAAAAAAAAYfO+gAAAAGHzvoAAEIAAAAAAAAAAAAAAA==\",\"68;CAAAADIAXwA0ADUAHgADAAAAAABCAAEAAAAAAAAAAAAIAAAAMgBfADgANwBCAAEAAAAAAAAAAAAIAAAAMgBfADgANgA=\"]