[\"66;AgAAADEA//8BAF6jRJONJwAArwEAAAsAAAAAAAAAAAAAAAAAAAAAAAAA9v///xAAAAA4AC4AMgAuADIALgAyADIA\",\"86;AgAAADEAAQABAAYAAAAyAF8AMwAAABwAJwAAAAYAAAAyAF8AMwAGAAAANgA2ADQAAIAgAAAAAAAAAAAAAAAAAAAAAAAAAAAAAAAAAAAAAAAAAAAAAAA=\",\"35;BgAAADIAXwAzAAEAHAABAAAAAAAAAAEAAABBAAAAAAMAAAA=\",\"35;BgAAADIAXwAzAAEAHAABAAAAAQAAAAEAAABkAAAAAAMAAAA=\",\"35;BgAAADIAXwAzAAEAHAABAAAAAgAAAAEAAABkAAAAAAMAAAA=\",\"34;BgAAADIAXwAzAAEAHAABAAAAAwAAAAIAAAAgAAAAAwAAAA==\",\"35;BgAAADIAXwAzAAEAHAABAAAABAAAAAEAAABUAAAAAAMAAAA=\",\"35;BgAAADIAXwAzAAEAHAABAAAABQAAAAEAAABlAAAAAAMAAAA=\",\"35;BgAAADIAXwAzAAEAHAABAAAABgAAAAEAAAB4AAAAAAMAAAA=\",\"35;BgAAADIAXwAzAAEAHAABAAAABwAAAAEAAAB0AAAAAAMAAAA=\",\"35;BgAAADIAXwAzAAEAHAABAAAACAAAAAEAAAAuAAAAAAMAAAA=\",\"36;BgAAADYANgA0AAEAAwABAAAAAQAAAAYAAAAyAF8AMwAAAAAA\"]
[\"66;AgAAADEA//8BAF6jRJONJwAArwEAABgAAAABAAAAAQAAAAEAAAAMAAAADAAAABAAAAA4AC4AMgAuADIALgAyADIA\",\"50;AgAAADEAAQABAAYAAAAyAF8ANQAAAAQAAwAAAAYAAAAyAF8ANQAAgCAAAAAAAAAAAAA=\",\"80;AgAAADEAAQABAAYAAAAyAF8ANgAAABwAJwAAAAYAAAAyAF8ANgAAAAAAAIAgAAAAAAAAAAAAAAAAAAAAAAAAAAAAAAAAAAAAAAAAAAAAAAA=\",\"30;BgAAADIAXwA2AAEAHAABAAAAAAAAAAQAAAADAAAA\",\"71;AgAAADEAAQABAAYAAAAyAF8ANAAAAAMABgAAADIAXwA0AEIAAAAAAAAAAAAAAAYAAAAyAF8ANQABAAAABgAAADIAXwA2AAE=\",\"86;AgAAADEAAQABAAYAAAAyAF8ANwAAABwAJwAAAAYAAAAyAF8ANwAGAAAAMgBfADQAAIAgAAAAAAAAAAAAAAAAAAAAAAAAAAAAAAAAAAAAAAAAAAAAAAA=\",\"35;BgAAADIAXwA3AAEAHAABAAAAAAAAAAEAAABDAAAAAAMAAAA=\",\"35;BgAAADIAXwA3AAEAHAABAAAAAQAAAAEAAAByAAAAAAMAAAA=\",\"35;BgAAADIAXwA3AAEAHAABAAAAAgAAAAEAAABlAAAAAAMAAAA=\",\"35;BgAAADIAXwA3AAEAHAABAAAAAwAAAAEAAABhAAAAAAMAAAA=\",\"35;BgAAADIAXwA3AAEAHAABAAAABAAAAAEAAAB0AAAAAAMAAAA=\",\"35;BgAAADIAXwA3AAEAHAABAAAABQAAAAEAAABlAAAAAAMAAAA=\",\"34;BgAAADIAXwA3AAEAHAABAAAABgAAAAIAAAAgAAAAAwAAAA==\",\"35;BgAAADIAXwA3AAEAHAABAAAABwAAAAEAAABQAAAAAAMAAAA=\",\"35;BgAAADIAXwA3AAEAHAABAAAACAAAAAEAAABhAAAAAAMAAAA=\",\"35;BgAAADIAXwA3AAEAHAABAAAACQAAAAEAAAByAAAAAAMAAAA=\",\"35;BgAAADIAXwA3AAEAHAABAAAACgAAAAEAAABhAAAAAAMAAAA=\",\"35;BgAAADIAXwA3AAEAHAABAAAACwAAAAEAAABnAAAAAAMAAAA=\",\"35;BgAAADIAXwA3AAEAHAABAAAADAAAAAEAAAByAAAAAAMAAAA=\",\"35;BgAAADIAXwA3AAEAHAABAAAADQAAAAEAAABhAAAAAAMAAAA=\",\"35;BgAAADIAXwA3AAEAHAABAAAADgAAAAEAAABwAAAAAAMAAAA=\",\"35;BgAAADIAXwA3AAEAHAABAAAADwAAAAEAAABoAAAAAAMAAAA=\",\"35;BgAAADIAXwA3AAEAHAABAAAAEAAAAAEAAAAuAAAAAAMAAAA=\",\"36;BgAAADIAXwA0AAEAAwABAAAAAAAAAAYAAAAyAF8ANwAAAAAA\",\"32;AgAAADIAAQACAAEAAAABAAAABgAAADIAXwA0AAAAAAA=\"]
[\"66;AgAAADEA//8BAF6jRJONJwAArwEAAB4AAAACAAAAAgAAAAIAAAAlAAAAJQAAABAAAAA4AC4AMgAuADIALgAyADIA\",\"54;AgAAADEAAQABAAgAAAAyAF8AMQAzAAAABAADAAAACAAAADIAXwAxADMAAIAgAAAAAAAAAAAA\",\"84;AgAAADEAAQABAAgAAAAyAF8AMQA0AAAAHAAnAAAACAAAADIAXwAxADQAAAAAAACAIAAAAAAAAAAAAAAAAAAAAAAAAAAAAAAAAAAAAAAAAAAAAAAA\",\"32;CAAAADIAXwAxADQAAQAcAAEAAAAAAAAABAAAAAMAAAA=\",\"79;AgAAADEAAQABAAgAAAAyAF8AMQAyAAAAAwAIAAAAMgBfADEAMgBCAAAAAAAAAAAAAAAIAAAAMgBfADEAMwABAAAACAAAADIAXwAxADQAAQ==\",\"92;AgAAADEAAQABAAgAAAAyAF8AMQA1AAAAHAAnAAAACAAAADIAXwAxADUACAAAADIAXwAxADIAAIAgAAAAAAAAAAAAAAAAAAAAAAAAAAAAAAAAAAAAAAAAAAAAAAA=\",\"44;CAAAADIAXwAxADUAHQAcAAAAAAAAgCAAAAAAAAAAAAAAgCAAAAAAAAAAAAA=\",\"40;CAAAADIAXwAxADIAAQADAAEAAAAAAAAACAAAADIAXwAxADUAAAAAAA==\",\"74;AgAAADEAAQABAAgAAAAyAF8AMQAxAAAADAAIAAAAMgBfADEAMQAAAAAACAAAADIAXwAxADAAAAABAAEAAAAIAAAAMgBfADEAMgA=\",\"54;AgAAADEAAQABAAgAAAAyAF8AMQAwAAAACwAIAAAAMgBfADEAMAAAAAAACAAAADIAXwAxADEA\",\"54;AgAAADEAAQABAAgAAAAyAF8AMQA5AAAABAADAAAACAAAADIAXwAxADkAAIAgAAAAAAAAAAAA\",\"84;AgAAADEAAQABAAgAAAAyAF8AMgAwAAAAHAAnAAAACAAAADIAXwAyADAAAAAAAACAIAAAAAAAAAAAAAAAAAAAAAAAAAAAAAAAAAAAAAAAAAAAAAAA\",\"32;CAAAADIAXwAyADAAAQAcAAEAAAAAAAAABAAAAAMAAAA=\",\"79;AgAAADEAAQABAAgAAAAyAF8AMQA4AAAAAwAIAAAAMgBfADEAOABCAAAAAAAAAAAAAAAIAAAAMgBfADEAOQABAAAACAAAADIAXwAyADAAAQ==\",\"92;AgAAADEAAQABAAgAAAAyAF8AMgAxAAAAHAAnAAAACAAAADIAXwAyADEACAAAADIAXwAxADgAAIAgAAAAAAAAAAAAAAAAAAAAAAAAAAAAAAAAAAAAAAAAAAAAAAA=\",\"44;CAAAADIAXwAyADEAHQAcAAAAAAAAgCAAAAAAAAAAAAAAgCAAAAAAAAAAAAA=\",\"40;CAAAADIAXwAxADgAAQADAAEAAAAAAAAACAAAADIAXwAyADEAAAAAAA==\",\"74;AgAAADEAAQABAAgAAAAyAF8AMQA3AAAADAAIAAAAMgBfADEANwAAAAAACAAAADIAXwAxADYAAAABAAEAAAAIAAAAMgBfADEAOAA=\",\"54;AgAAADEAAQABAAgAAAAyAF8AMQA2AAAACwAIAAAAMgBfADEANgAAAAAACAAAADIAXwAxADcA\",\"87;AgAAADEAAQABAAYAAAAyAF8AOQAAAAoABgAAADIAXwA5AAAAAAACAAAACAAAADIAXwAxADAACAAAADIAXwAxADYAAAAAAAAAAAAAAAAAAAAAAAAAAAAA\",\"98;AgAAADEAAQABAAYAAAAyAF8AOAAAAAkAAgAAAAYAAAAyAF8AOAAEAAAAMQAxAAEAAAAAAAAAAAAAAAAAAAAAAAAAAAAAAAAAAAEAAAAAAAAAAAABAAAABgAAADIAXwA5AAA=\",\"30;BgAAADIAXwA4AA8ACQACAAAAgIQeAICEHgAAAAAA\",\"26;BgAAADIAXwA4AAEACQACAAAAAAAAAAAAAAA=\",\"48;BgAAADIAXwA4ABMACQAAAAAAEgAAAHUAbgBkAGUAZgBpAG4AZQBkAAQAAAAxADEA\",\"34;BgAAADIAXwA4ABgACQAAAAAAAAABAICWmAADAAAAAAAAAA==\",\"32;AgAAADIAAQACAAEAAAACAAAABgAAADIAXwA4AAAAAAA=\",\"54;AgAAADEAAQABAAgAAAAyAF8AMgAzAAAABAADAAAACAAAADIAXwAyADMAAIAgAAAAAAAAAAAA\",\"84;AgAAADEAAQABAAgAAAAyAF8AMgA0AAAAHAAnAAAACAAAADIAXwAyADQAAAAAAACAIAAAAAAAAAAAAAAAAAAAAAAAAAAAAAAAAAAAAAAAAAAAAAAA\",\"32;CAAAADIAXwAyADQAAQAcAAEAAAAAAAAABAAAAAMAAAA=\",\"79;AgAAADEAAQABAAgAAAAyAF8AMgAyAAAAAwAIAAAAMgBfADIAMgBCAAAAAAAAAAAAAAAIAAAAMgBfADIAMwABAAAACAAAADIAXwAyADQAAQ==\",\"34;AgAAADIAAQACAAEAAAADAAAACAAAADIAXwAyADIAAAAAAA==\"]
[\"66;AgAAADEA//8BAF6jRJONJwAArwEAAEkAAAADAAAAAwAAAAMAAABEAAAARAAAABAAAAA4AC4AMgAuADIALgAyADIA\",\"38;AgAAADEAAQABAAgAAAAyAF8AMgA2AAAA/gMIAAAAMgBfADIANgA=\",\"28;CAAAADIAXwAyADYAAQD+AwAAAADL8ukQAAAAAA==\",\"51;AgAAADEAAQABAAgAAAAyAF8AMgA3AAAAWQQIAAAAMgBfADIANwABCAAAADIAXwAyADUA\",\"84;AgAAADEAAQABAAgAAAAyAF8AMgA1AAAABQAIAAAAMgBfADIANQABIN9QAAFggjsAAAECAAAAMgAAAQgAAAAyAF8AMgA3AAABCAAAADIAXwAyADYA\",\"24;CAAAADIAXwAyADUADQAFAAAIAAAAAAAA\",\"38;AgAAADEAAQABAAgAAAAyAF8AMgA4AAAAUAQIAAAAMgBfADIAOAA=\",\"38;AgAAADEAAQABAAgAAAAyAF8AMgA5AAAAQQQIAAAAMgBfADIAOQA=\",\"32;CAAAADIAXwAyADgAAwBQBAQAAAAIAAAAMgBfADIAOQA=\",\"32;CAAAADIAXwAyADkABgBBBAQAAAAIAAAAMgBfADIAOAA=\",\"44;CAAAADIAXwAyADkABgBBBAAAAAAIAAAAMgBfADIAOAAIAAAAMgBfADIAOAA=\",\"20;CAAAADIAXwAyADgACgBQBAwAAAA=\",\"38;AgAAADEAAQABAAgAAAAyAF8AMwAwAAAAQAQIAAAAMgBfADMAMAA=\",\"32;CAAAADIAXwAyADkAAgBBBAQAAAAIAAAAMgBfADMAMAA=\",\"32;CAAAADIAXwAzADAADABABAQAAAAIAAAAMgBfADIAOQA=\",\"44;CAAAADIAXwAzADAADABABAAAAAAIAAAAMgBfADIAOQAIAAAAMgBfADIAOQA=\",\"24;CAAAADIAXwAzADAAAQBABAQAAAAAAAAA\",\"24;CAAAADIAXwAzADAAAgBABAQAAAAAAAAA\",\"24;CAAAADIAXwAzADAAAwBABAQAAAAg31AA\",\"24;CAAAADIAXwAzADAABABABAQAAABggjsA\",\"20;CAAAADIAXwAzADAACQBABAgAAAA=\",\"20;CAAAADIAXwAzADAACgBABAgAAAA=\",\"20;CAAAADIAXwAyADgAAQBQBBAAAAA=\",\"38;AgAAADEAAQABAAgAAAAyAF8AMwAxAAAAVAQIAAAAMgBfADMAMQA=\",\"48;CAAAADIAXwAzADEABABUBAEKAAAAXwAzAGMAZAA0AAEEAAAAaABjAAECAAAAdAAA\",\"44;CAAAADIAXwAzADEABABUBAEGAAAAYwBkADIAAQIAAABsAAEEAAAAdgBjAAA=\",\"44;CAAAADIAXwAzADEABABUBAEGAAAAYwBkADQAAQQAAABoAGMAAQIAAABiAAA=\",\"40;CAAAADIAXwAzADEABABUBAECAAAAMAABAgAAAHIAAQQAAAB2AGMAAA==\",\"45;CAAAADIAXwAzADEACABUBAECAAAAbAABAgAAAHQAAQIAAAByAAECAAAAYgAA\",\"38;AgAAADEAAQABAAgAAAAyAF8AMwAyAAAAVQQIAAAAMgBfADMAMgA=\",\"20;CAAAADIAXwAzADIAAgBVBAgAAAA=\",\"32;CAAAADIAXwAzADIAAwBVBAQAAAAIAAAAbgBvAHIAbQA=\",\"20;CAAAADIAXwAzADIAAQBVBAwAAAA=\",\"20;CAAAADIAXwAzADIABQBVBAYAAAA=\",\"20;CAAAADIAXwAzADIABABVBAYAAAA=\",\"45;CAAAADIAXwAzADEABwBUBAEAAAAAAQAAAAAAAAAIAAAAMgBfADMAMgAAAAAA\",\"37;CAAAADIAXwAzADIABgBVBAAAAAAAAAAAAAIAAABsAAIAAAB0AA==\",\"37;CAAAADIAXwAzADIABgBVBAEAAAABAAAAAAIAAAByAAIAAAB0AA==\",\"37;CAAAADIAXwAzADIABgBVBAIAAAABAAAAAAIAAAByAAIAAABiAA==\",\"37;CAAAADIAXwAzADIABgBVBAMAAAABAAAAAAIAAABsAAIAAABiAA==\",\"25;CAAAADIAXwAzADIABgBVBAQAAAAFAAAAAA==\",\"32;CAAAADIAXwAzADEACQBUBAQAAAAIAAAAcgBlAGMAdAA=\",\"32;CAAAADIAXwAyADkAAwBBBAQAAAAIAAAAMgBfADMAMQA=\",\"32;CAAAADIAXwAzADEAAQBUBAQAAAAIAAAAMgBfADIAOQA=\",\"38;AgAAADEAAQABAAgAAAAyAF8AMwAzAAAAPwQIAAAAMgBfADMAMwA=\",\"58;CAAAADIAXwAzADMAAQA/BAQAAAABAgAAAAEBAwAAAAAAAAABAQAAAAoAAABzAGgAYQBkAGUAUMMAAA==\",\"36;CAAAADIAXwAzADMAAgA/BAQAAAABAQAAAAEBAwAAAAAAAAAA\",\"36;CAAAADIAXwAzADMABAA/BAQAAAABAAAAAAEBAwAAAAAAAAAA\",\"36;CAAAADIAXwAzADMAAwA/BAQAAAABAQAAAAEBAwAAAAwAAAAA\",\"32;CAAAADIAXwAyADgABABQBAQAAAAIAAAAMgBfADMAMwA=\",\"32;CAAAADIAXwAyADgABwBQBAQAAAAIAAAAMgBfADIANQA=\",\"32;CAAAADIAXwAyADUACAAFAAIAAAAIAAAAMgBfADIAOAA=\",\"46;CAAAADIAXwAyADgACQBQBAQAAAAAAQEAAAAAAAAAAAAAAAAAAAAAAAAAAAAAAA==\",\"54;AgAAADEAAQABAAgAAAAyAF8AMwA2AAAABAADAAAACAAAADIAXwAzADYAAIAgAAAAAAAAAAAA\",\"84;AgAAADEAAQABAAgAAAAyAF8AMwA3AAAAHAAnAAAACAAAADIAXwAzADcAAAAAAACAIAAAAAAAAAAAAAAAAAAAAAAAAAAAAAAAAAAAAAAAAAAAAAAA\",\"32;CAAAADIAXwAzADcAAQAcAAEAAAAAAAAABAAAAAMAAAA=\",\"79;AgAAADEAAQABAAgAAAAyAF8AMwA1AAAAAwAIAAAAMgBfADMANQBCAAAAAAAAAAAAAAAIAAAAMgBfADMANgABAAAACAAAADIAXwAzADcAAQ==\",\"92;AgAAADEAAQABAAgAAAAyAF8AMwA4AAAAHAAnAAAACAAAADIAXwAzADgACAAAADIAXwAzADUAAIAgAAAAAAAAAAAAAAAAAAAAAAAAAAAAAAAAAAAAAAAAAAAAAAA=\",\"44;CAAAADIAXwAzADgAHQAcAAAAAAAAgCAAAAAAAAAAAAAAgCAAAAAAAAAAAAA=\",\"40;CAAAADIAXwAzADUAAQADAAEAAAAAAAAACAAAADIAXwAzADgAAAAAAA==\",\"73;AgAAADEAAQABAAgAAAAyAF8AMwA0AAAADAAIAAAAMgBfADMANAAAAAAACAAAADIAXwAyADgAAAAAAQAAAAgAAAAyAF8AMwA1AA==\",\"32;CAAAADIAXwAyADgABgBQBAQAAAAIAAAAMgBfADMANAA=\",\"24;CAAAADIAXwAzADUABAADAAQAAAACAAAA\",\"71;CAAAADIAXwAyADkABABBBAQAAAAAAQQAAAACAAAAAQEBAAAAzOD/AAABAAAAAAEBAQAAAAFAmwAAAaCGAQAAAQEAAAAAAAA=\",\"35;CAAAADIAXwAyADkABQBBBAQAAAABAAECAAAAAAAAAAAAAAA=\",\"48;CAAAADIAXwAyADUAAwAFAPBgEwDwYBMA8GATAAAAAAAAAAAAAAAAAAAAAAAAAAAA\",\"24;CAAAADIAXwAyADUAAQAFAAIAAAABAAAA\",\"24;CAAAADIAXwAyADUAAgAFAAEAAAACAAAA\",\"18;CAAAADIAXwAyADUABwAFAAAA\",\"36;CAAAADIAXwAyADUABQAFAAYAAAABAAAAAAABAAAAAAAAAAAA\",\"90;AgAAADEAAQABAAgAAAAyAF8AMwA5AAAAHAAnAAAACAAAADIAXwAzADkABgAAADYANgA0AACAIAAAAAAAAAAAAAAAAAAAAAAAAAAAAAAAAAAAAAAAAAAAAAAA\",\"44;CAAAADIAXwAzADkAAQAcAAEAAAAAAAAAFgAAAAgAAAAyAF8AMgA1AAMAAAA=\",\"38;BgAAADYANgA0AAEAAwABAAAAAgAAAAgAAAAyAF8AMwA5AAAAAAA=\",\"40;CAAAADIAXwAyADUADwAFAAEIAAAAMgBfADMAOQABBgAAADYANgA0AA==\"]
[\"66;AgAAADEA//8BAF6jRJONJwAArwEAAAQAAAAEAAAABAAAAAQAAACOAAAAjgAAABAAAAA4AC4AMgAuADIALgAyADIA\",\"591;AgAAADEAAQABAAgAAAAyAF8ANAAwAAAAFwAIAAAAMgBfADQAMAAAABgAAABTAGUAdABTAGgAZAAgAEcAcgBlAGUAbgAAAQABAQAAAAABAAEAAQABAAEAgCAAAAAAAAAAAABCAAAAAAAAAAAAAAAAAAAAAAAAAAAAAAABAIAgAAAAAAAAAAAAQgAAAAAAAAAAAAAAAAAAAAAAAAAAAAAAAIAgAAAAAAAAAAAAQgAAAAAAAAAAAAAAAAAAAAAAAAAAAAAAAIAgAAAAAAAAAAAAQgAAAAAAAAAAAAAAAAAAAAAAAAAAAAAAAIAgAAAAAAAAAAAAQgAAAAAAAAAAAAAAAAAAAAAAAAAAAAAAAIAgAAAAAAAAAAAAQgAAAAAAAAAAAAAAAAAAAAAAAAAAAAAAAIAgAAAAAAAAAAAAQgAAAAAAAAAAAAAAAAAAAAAAAAAAAAAAAIAgAAAAAAAAAAAAQgAAAAAAAAAAAAAAAAAAAAAAAAAAAAAAAIAgAAAAAAAAAAAAQgAAAAAAAAAAAAAAAAAAAAAAAAAAAAAAAIAgAAAAAAAAAAAAQgAAAAAAAAAAAAAAAAAAAAAAAAAAAAAAAIAgAAAAAAAAAAAAQgAAAAAAAAAAAAAAAAAAAAAAAAAAAAAAAIAgAAAAAAAAAAAAQgAAAAAAAAAAAAAAAAAAAAAAAAAAAAAAAIAgAAAAAAAAAAAAQgAAAAAAAAAAAAAAAAAAAAAAAAAAAAAAAIAgAAAAAAAAAAAAQgAAAAAAAAAAAAAAAAAAAAAAAAAAAAAA\",\"22;AgAAADkAAQAYAAgAAAAyAF8ANAAwAA==\",\"58;CAAAADIAXwA0ADAAAgAXAAAAAADCAAAAAAAAAAAAAAAAAZDukAAAAAGQ7pAAAEIAAAAAAAAAAAAAAA==\",\"54;BgAAADYANgA0AB4AAwAAAAAAQgABAAAAAAAAAAAACAAAADIAXwA0ADAAQgAAAAAAAAAAAAAA\"]
[\"66;AgAAADEA//8BAF6jRJONJwAArwEAAAUAAAAFAAAABQAAAAUAAACTAAAAkwAAABAAAAA4AC4AMgAuADIALgAyADIA\",\"591;AgAAADEAAQABAAgAAAAyAF8ANAAxAAAAFwAIAAAAMgBfADQAMQAAABgAAABTAGUAdABTAGgAZAAgAEcAcgBlAGUAbgAAAQABAQAAAAABAAEAAQABAAEAgCAAAAAAAAAAAABCAAAAAAAAAAAAAAAAAAAAAAAAAAAAAAABAIAgAAAAAAAAAAAAQgAAAAAAAAAAAAAAAAAAAAAAAAAAAAAAAIAgAAAAAAAAAAAAQgAAAAAAAAAAAAAAAAAAAAAAAAAAAAAAAIAgAAAAAAAAAAAAQgAAAAAAAAAAAAAAAAAAAAAAAAAAAAAAAIAgAAAAAAAAAAAAQgAAAAAAAAAAAAAAAAAAAAAAAAAAAAAAAIAgAAAAAAAAAAAAQgAAAAAAAAAAAAAAAAAAAAAAAAAAAAAAAIAgAAAAAAAAAAAAQgAAAAAAAAAAAAAAAAAAAAAAAAAAAAAAAIAgAAAAAAAAAAAAQgAAAAAAAAAAAAAAAAAAAAAAAAAAAAAAAIAgAAAAAAAAAAAAQgAAAAAAAAAAAAAAAAAAAAAAAAAAAAAAAIAgAAAAAAAAAAAAQgAAAAAAAAAAAAAAAAAAAAAAAAAAAAAAAIAgAAAAAAAAAAAAQgAAAAAAAAAAAAAAAAAAAAAAAAAAAAAAAIAgAAAAAAAAAAAAQgAAAAAAAAAAAAAAAAAAAAAAAAAAAAAAAIAgAAAAAAAAAAAAQgAAAAAAAAAAAAAAAAAAAAAAAAAAAAAAAIAgAAAAAAAAAAAAQgAAAAAAAAAAAAAAAAAAAAAAAAAAAAAA\",\"22;AgAAADkAAgAYAAgAAAAyAF8ANAAwAA==\",\"22;AgAAADkAAQAYAAgAAAAyAF8ANAAxAA==\",\"58;CAAAADIAXwA0ADEAAgAXAAAAAADCAAAAAAAAAAAAAAAAAYfO+gAAAAGHzvoAAEIAAAAAAAAAAAAAAA==\",\"66;BgAAADYANgA0AB4AAwAAAAAAQgABAAAAAAAAAAAACAAAADIAXwA0ADEAQgABAAAAAAAAAAAACAAAADIAXwA0ADAA\"]
[\"66;AgAAADEA//8BAF6jRJONJwAArwEAAAsAAAAGAAAABgAAAAYAAACZAAAAmQAAABAAAAA4AC4AMgAuADIALgAyADIA\",\"90;AgAAADEAAQABAAgAAAAyAF8ANAAyAAAAHAAnAAAACAAAADIAXwA0ADIABgAAADYANgA0AACAIAAAAAAAAAAAAAAAAAAAAAAAAAAAAAAAAAAAAAAAAAAAAAAA\",\"37;CAAAADIAXwA0ADIAAQAcAAEAAAAAAAAAAQAAAEEAAAAAAwAAAA==\",\"37;CAAAADIAXwA0ADIAAQAcAAEAAAABAAAAAQAAAGQAAAAAAwAAAA==\",\"37;CAAAADIAXwA0ADIAAQAcAAEAAAACAAAAAQAAAGQAAAAAAwAAAA==\",\"36;CAAAADIAXwA0ADIAAQAcAAEAAAADAAAAAgAAACAAAAADAAAA\",\"37;CAAAADIAXwA0ADIAAQAcAAEAAAAEAAAAAQAAAFQAAAAAAwAAAA==\",\"37;CAAAADIAXwA0ADIAAQAcAAEAAAAFAAAAAQAAAGUAAAAAAwAAAA==\",\"37;CAAAADIAXwA0ADIAAQAcAAEAAAAGAAAAAQAAAHgAAAAAAwAAAA==\",\"37;CAAAADIAXwA0ADIAAQAcAAEAAAAHAAAAAQAAAHQAAAAAAwAAAA==\",\"37;CAAAADIAXwA0ADIAAQAcAAEAAAAIAAAAAQAAAC4AAAAAAwAAAA==\",\"38;BgAAADYANgA0AAEAAwABAAAAAwAAAAgAAAAyAF8ANAAyAAAAAAA=\"]
[\"66;AgAAADEA//8BAF6jRJONJwAArwEAABgAAAAHAAAABwAAAAcAAAClAAAApQAAABAAAAA4AC4AMgAuADIALgAyADIA\",\"54;AgAAADEAAQABAAgAAAAyAF8ANAA0AAAABAADAAAACAAAADIAXwA0ADQAAIAgAAAAAAAAAAAA\",\"84;AgAAADEAAQABAAgAAAAyAF8ANAA1AAAAHAAnAAAACAAAADIAXwA0ADUAAAAAAACAIAAAAAAAAAAAAAAAAAAAAAAAAAAAAAAAAAAAAAAAAAAAAAAA\",\"32;CAAAADIAXwA0ADUAAQAcAAEAAAAAAAAABAAAAAMAAAA=\",\"79;AgAAADEAAQABAAgAAAAyAF8ANAAzAAAAAwAIAAAAMgBfADQAMwBCAAAAAAAAAAAAAAAIAAAAMgBfADQANAABAAAACAAAADIAXwA0ADUAAQ==\",\"92;AgAAADEAAQABAAgAAAAyAF8ANAA2AAAAHAAnAAAACAAAADIAXwA0ADYACAAAADIAXwA0ADMAAIAgAAAAAAAAAAAAAAAAAAAAAAAAAAAAAAAAAAAAAAAAAAAAAAA=\",\"37;CAAAADIAXwA0ADYAAQAcAAEAAAAAAAAAAQAAAEMAAAAAAwAAAA==\",\"37;CAAAADIAXwA0ADYAAQAcAAEAAAABAAAAAQAAAHIAAAAAAwAAAA==\",\"37;CAAAADIAXwA0ADYAAQAcAAEAAAACAAAAAQAAAGUAAAAAAwAAAA==\",\"37;CAAAADIAXwA0ADYAAQAcAAEAAAADAAAAAQAAAGEAAAAAAwAAAA==\",\"37;CAAAADIAXwA0ADYAAQAcAAEAAAAEAAAAAQAAAHQAAAAAAwAAAA==\",\"37;CAAAADIAXwA0ADYAAQAcAAEAAAAFAAAAAQAAAGUAAAAAAwAAAA==\",\"36;CAAAADIAXwA0ADYAAQAcAAEAAAAGAAAAAgAAACAAAAADAAAA\",\"37;CAAAADIAXwA0ADYAAQAcAAEAAAAHAAAAAQAAAFAAAAAAAwAAAA==\",\"37;CAAAADIAXwA0ADYAAQAcAAEAAAAIAAAAAQAAAGEAAAAAAwAAAA==\",\"37;CAAAADIAXwA0ADYAAQAcAAEAAAAJAAAAAQAAAHIAAAAAAwAAAA==\",\"37;CAAAADIAXwA0ADYAAQAcAAEAAAAKAAAAAQAAAGEAAAAAAwAAAA==\",\"37;CAAAADIAXwA0ADYAAQAcAAEAAAALAAAAAQAAAGcAAAAAAwAAAA==\",\"37;CAAAADIAXwA0ADYAAQAcAAEAAAAMAAAAAQAAAHIAAAAAAwAAAA==\",\"37;CAAAADIAXwA0ADYAAQAcAAEAAAANAAAAAQAAAGEAAAAAAwAAAA==\",\"37;CAAAADIAXwA0ADYAAQAcAAEAAAAOAAAAAQAAAHAAAAAAAwAAAA==\",\"37;CAAAADIAXwA0ADYAAQAcAAEAAAAPAAAAAQAAAGgAAAAAAwAAAA==\",\"37;CAAAADIAXwA0ADYAAQAcAAEAAAAQAAAAAQAAAC4AAAAAAwAAAA==\",\"40;CAAAADIAXwA0ADMAAQADAAEAAAAAAAAACAAAADIAXwA0ADYAAAAAAA==\",\"34;AgAAADIAAQACAAEAAAAEAAAACAAAADIAXwA0ADMAAAAAAA==\"]
[\"66;AgAAADEA//8BAF6jRJONJwAArwEAAB4AAAAIAAAACAAAAAgAAAC+AAAAvgAAABAAAAA4AC4AMgAuADIALgAyADIA\",\"54;AgAAADEAAQABAAgAAAAyAF8ANQAyAAAABAADAAAACAAAADIAXwA1ADIAAIAgAAAAAAAAAAAA\",\"84;AgAAADEAAQABAAgAAAAyAF8ANQAzAAAAHAAnAAAACAAAADIAXwA1ADMAAAAAAACAIAAAAAAAAAAAAAAAAAAAAAAAAAAAAAAAAAAAAAAAAAAAAAAA\",\"32;CAAAADIAXwA1ADMAAQAcAAEAAAAAAAAABAAAAAMAAAA=\",\"79;AgAAADEAAQABAAgAAAAyAF8ANQAxAAAAAwAIAAAAMgBfADUAMQBCAAAAAAAAAAAAAAAIAAAAMgBfADUAMgABAAAACAAAADIAXwA1ADMAAQ==\",\"92;AgAAADEAAQABAAgAAAAyAF8ANQA0AAAAHAAnAAAACAAAADIAXwA1ADQACAAAADIAXwA1ADEAAIAgAAAAAAAAAAAAAAAAAAAAAAAAAAAAAAAAAAAAAAAAAAAAAAA=\",\"44;CAAAADIAXwA1ADQAHQAcAAAAAAAAgCAAAAAAAAAAAAAAgCAAAAAAAAAAAAA=\",\"40;CAAAADIAXwA1ADEAAQADAAEAAAAAAAAACAAAADIAXwA1ADQAAAAAAA==\",\"74;AgAAADEAAQABAAgAAAAyAF8ANQAwAAAADAAIAAAAMgBfADUAMAAAAAAACAAAADIAXwA0ADkAAAABAAEAAAAIAAAAMgBfADUAMQA=\",\"54;AgAAADEAAQABAAgAAAAyAF8ANAA5AAAACwAIAAAAMgBfADQAOQAAAAAACAAAADIAXwA1ADAA\",\"54;AgAAADEAAQABAAgAAAAyAF8ANQA4AAAABAADAAAACAAAADIAXwA1ADgAAIAgAAAAAAAAAAAA\",\"84;AgAAADEAAQABAAgAAAAyAF8ANQA5AAAAHAAnAAAACAAAADIAXwA1ADkAAAAAAACAIAAAAAAAAAAAAAAAAAAAAAAAAAAAAAAAAAAAAAAAAAAAAAAA\",\"32;CAAAADIAXwA1ADkAAQAcAAEAAAAAAAAABAAAAAMAAAA=\",\"79;AgAAADEAAQABAAgAAAAyAF8ANQA3AAAAAwAIAAAAMgBfADUANwBCAAAAAAAAAAAAAAAIAAAAMgBfADUAOAABAAAACAAAADIAXwA1ADkAAQ==\",\"92;AgAAADEAAQABAAgAAAAyAF8ANgAwAAAAHAAnAAAACAAAADIAXwA2ADAACAAAADIAXwA1ADcAAIAgAAAAAAAAAAAAAAAAAAAAAAAAAAAAAAAAAAAAAAAAAAAAAAA=\",\"44;CAAAADIAXwA2ADAAHQAcAAAAAAAAgCAAAAAAAAAAAAAAgCAAAAAAAAAAAAA=\",\"40;CAAAADIAXwA1ADcAAQADAAEAAAAAAAAACAAAADIAXwA2ADAAAAAAAA==\",\"74;AgAAADEAAQABAAgAAAAyAF8ANQA2AAAADAAIAAAAMgBfADUANgAAAAAACAAAADIAXwA1ADUAAAABAAEAAAAIAAAAMgBfADUANwA=\",\"54;AgAAADEAAQABAAgAAAAyAF8ANQA1AAAACwAIAAAAMgBfADUANQAAAAAACAAAADIAXwA1ADYA\",\"91;AgAAADEAAQABAAgAAAAyAF8ANAA4AAAACgAIAAAAMgBfADQAOAAAAAAAAgAAAAgAAAAyAF8ANAA5AAgAAAAyAF8ANQA1AAAAAAAAAAAAAAAAAAAAAAAAAAAAAA==\",\"104;AgAAADEAAQABAAgAAAAyAF8ANAA3AAAACQACAAAACAAAADIAXwA0ADcABAAAADEAMQABAAAAAAAAAAAAAAAAAAAAAAAAAAAAAAAAAAABAAAAAAAAAAAAAQAAAAgAAAAyAF8ANAA4AAA=\",\"32;CAAAADIAXwA0ADcADwAJAAIAAACAhB4AgIQeAAAAAAA=\",\"28;CAAAADIAXwA0ADcAAQAJAAIAAAAAAAAAAAAAAA==\",\"50;CAAAADIAXwA0ADcAEwAJAAAAAAASAAAAdQBuAGQAZQBmAGkAbgBlAGQABAAAADEAMQA=\",\"36;CAAAADIAXwA0ADcAGAAJAAAAAAAAAAEAgJaYAAMAAAAAAAAA\",\"34;AgAAADIAAQACAAEAAAAFAAAACAAAADIAXwA0ADcAAAAAAA==\",\"54;AgAAADEAAQABAAgAAAAyAF8ANgAyAAAABAADAAAACAAAADIAXwA2ADIAAIAgAAAAAAAAAAAA\",\"84;AgAAADEAAQABAAgAAAAyAF8ANgAzAAAAHAAnAAAACAAAADIAXwA2ADMAAAAAAACAIAAAAAAAAAAAAAAAAAAAAAAAAAAAAAAAAAAAAAAAAAAAAAAA\",\"32;CAAAADIAXwA2ADMAAQAcAAEAAAAAAAAABAAAAAMAAAA=\",\"79;AgAAADEAAQABAAgAAAAyAF8ANgAxAAAAAwAIAAAAMgBfADYAMQBCAAAAAAAAAAAAAAAIAAAAMgBfADYAMgABAAAACAAAADIAXwA2ADMAAQ==\",\"34;AgAAADIAAQACAAEAAAAGAAAACAAAADIAXwA2ADEAAAAAAA==\"]
[\"66;AgAAADEA//8BAF6jRJONJwAArwEAAEkAAAAJAAAACQAAAAkAAADdAAAA3QAAABAAAAA4AC4AMgAuADIALgAyADIA\",\"38;AgAAADEAAQABAAgAAAAyAF8ANgA1AAAA/gMIAAAAMgBfADYANQA=\",\"28;CAAAADIAXwA2ADUAAQD+AwAAAAAylzVHAAAAAA==\",\"51;AgAAADEAAQABAAgAAAAyAF8ANgA2AAAAWQQIAAAAMgBfADYANgABCAAAADIAXwA2ADQA\",\"84;AgAAADEAAQABAAgAAAAyAF8ANgA0AAAABQAIAAAAMgBfADYANAABIN9QAAFggjsAAAECAAAAMgAAAQgAAAAyAF8ANgA2AAABCAAAADIAXwA2ADUA\",\"24;CAAAADIAXwA2ADQADQAFAAAMAAAAAAAA\",\"38;AgAAADEAAQABAAgAAAAyAF8ANgA3AAAAUAQIAAAAMgBfADYANwA=\",\"38;AgAAADEAAQABAAgAAAAyAF8ANgA4AAAAQQQIAAAAMgBfADYAOAA=\",\"32;CAAAADIAXwA2ADcAAwBQBAQAAAAIAAAAMgBfADYAOAA=\",\"32;CAAAADIAXwA2ADgABgBBBAQAAAAIAAAAMgBfADYANwA=\",\"44;CAAAADIAXwA2ADgABgBBBAAAAAAIAAAAMgBfADYANwAIAAAAMgBfADYANwA=\",\"20;CAAAADIAXwA2ADcACgBQBAwAAAA=\",\"38;AgAAADEAAQABAAgAAAAyAF8ANgA5AAAAQAQIAAAAMgBfADYAOQA=\",\"32;CAAAADIAXwA2ADgAAgBBBAQAAAAIAAAAMgBfADYAOQA=\",\"32;CAAAADIAXwA2ADkADABABAQAAAAIAAAAMgBfADYAOAA=\",\"44;CAAAADIAXwA2ADkADABABAAAAAAIAAAAMgBfADYAOAAIAAAAMgBfADYAOAA=\",\"24;CAAAADIAXwA2ADkAAQBABAQAAAAAAAAA\",\"24;CAAAADIAXwA2ADkAAgBABAQAAAAAAAAA\",\"24;CAAAADIAXwA2ADkAAwBABAQAAAAg31AA\",\"24;CAAAADIAXwA2ADkABABABAQAAABggjsA\",\"20;CAAAADIAXwA2ADkACQBABAgAAAA=\",\"20;CAAAADIAXwA2ADkACgBABAgAAAA=\",\"20;CAAAADIAXwA2ADcAAQBQBBAAAAA=\",\"38;AgAAADEAAQABAAgAAAAyAF8ANwAwAAAAVAQIAAAAMgBfADcAMAA=\",\"48;CAAAADIAXwA3ADAABABUBAEKAAAAXwAzAGMAZAA0AAEEAAAAaABjAAECAAAAdAAA\",\"44;CAAAADIAXwA3ADAABABUBAEGAAAAYwBkADIAAQIAAABsAAEEAAAAdgBjAAA=\",\"44;CAAAADIAXwA3ADAABABUBAEGAAAAYwBkADQAAQQAAABoAGMAAQIAAABiAAA=\",\"40;CAAAADIAXwA3ADAABABUBAECAAAAMAABAgAAAHIAAQQAAAB2AGMAAA==\",\"45;CAAAADIAXwA3ADAACABUBAECAAAAbAABAgAAAHQAAQIAAAByAAECAAAAYgAA\",\"38;AgAAADEAAQABAAgAAAAyAF8ANwAxAAAAVQQIAAAAMgBfADcAMQA=\",\"20;CAAAADIAXwA3ADEAAgBVBAgAAAA=\",\"32;CAAAADIAXwA3ADEAAwBVBAQAAAAIAAAAbgBvAHIAbQA=\",\"20;CAAAADIAXwA3ADEAAQBVBAwAAAA=\",\"20;CAAAADIAXwA3ADEABQBVBAYAAAA=\",\"20;CAAAADIAXwA3ADEABABVBAYAAAA=\",\"45;CAAAADIAXwA3ADAABwBUBAEAAAAAAQAAAAAAAAAIAAAAMgBfADcAMQAAAAAA\",\"37;CAAAADIAXwA3ADEABgBVBAAAAAAAAAAAAAIAAABsAAIAAAB0AA==\",\"37;CAAAADIAXwA3ADEABgBVBAEAAAABAAAAAAIAAAByAAIAAAB0AA==\",\"37;CAAAADIAXwA3ADEABgBVBAIAAAABAAAAAAIAAAByAAIAAABiAA==\",\"37;CAAAADIAXwA3ADEABgBVBAMAAAABAAAAAAIAAABsAAIAAABiAA==\",\"25;CAAAADIAXwA3ADEABgBVBAQAAAAFAAAAAA==\",\"32;CAAAADIAXwA3ADAACQBUBAQAAAAIAAAAcgBlAGMAdAA=\",\"32;CAAAADIAXwA2ADgAAwBBBAQAAAAIAAAAMgBfADcAMAA=\",\"32;CAAAADIAXwA3ADAAAQBUBAQAAAAIAAAAMgBfADYAOAA=\",\"38;AgAAADEAAQABAAgAAAAyAF8ANwAyAAAAPwQIAAAAMgBfADcAMgA=\",\"58;CAAAADIAXwA3ADIAAQA/BAQAAAABAgAAAAEBAwAAAAAAAAABAQAAAAoAAABzAGgAYQBkAGUAUMMAAA==\",\"36;CAAAADIAXwA3ADIAAgA/BAQAAAABAQAAAAEBAwAAAAAAAAAA\",\"36;CAAAADIAXwA3ADIABAA/BAQAAAABAAAAAAEBAwAAAAAAAAAA\",\"36;CAAAADIAXwA3ADIAAwA/BAQAAAABAQAAAAEBAwAAAAwAAAAA\",\"32;CAAAADIAXwA2ADcABABQBAQAAAAIAAAAMgBfADcAMgA=\",\"32;CAAAADIAXwA2ADcABwBQBAQAAAAIAAAAMgBfADYANAA=\",\"32;CAAAADIAXwA2ADQACAAFAAIAAAAIAAAAMgBfADYANwA=\",\"46;CAAAADIAXwA2ADcACQBQBAQAAAAAAQEAAAAAAAAAAAAAAAAAAAAAAAAAAAAAAA==\",\"54;AgAAADEAAQABAAgAAAAyAF8ANwA1AAAABAADAAAACAAAADIAXwA3ADUAAIAgAAAAAAAAAAAA\",\"84;AgAAADEAAQABAAgAAAAyAF8ANwA2AAAAHAAnAAAACAAAADIAXwA3ADYAAAAAAACAIAAAAAAAAAAAAAAAAAAAAAAAAAAAAAAAAAAAAAAAAAAAAAAA\",\"32;CAAAADIAXwA3ADYAAQAcAAEAAAAAAAAABAAAAAMAAAA=\",\"79;AgAAADEAAQABAAgAAAAyAF8ANwA0AAAAAwAIAAAAMgBfADcANABCAAAAAAAAAAAAAAAIAAAAMgBfADcANQABAAAACAAAADIAXwA3ADYAAQ==\",\"92;AgAAADEAAQABAAgAAAAyAF8ANwA3AAAAHAAnAAAACAAAADIAXwA3ADcACAAAADIAXwA3ADQAAIAgAAAAAAAAAAAAAAAAAAAAAAAAAAAAAAAAAAAAAAAAAAAAAAA=\",\"44;CAAAADIAXwA3ADcAHQAcAAAAAAAAgCAAAAAAAAAAAAAAgCAAAAAAAAAAAAA=\",\"40;CAAAADIAXwA3ADQAAQADAAEAAAAAAAAACAAAADIAXwA3ADcAAAAAAA==\",\"73;AgAAADEAAQABAAgAAAAyAF8ANwAzAAAADAAIAAAAMgBfADcAMwAAAAAACAAAADIAXwA2ADcAAAAAAQAAAAgAAAAyAF8ANwA0AA==\",\"32;CAAAADIAXwA2ADcABgBQBAQAAAAIAAAAMgBfADcAMwA=\",\"24;CAAAADIAXwA3ADQABAADAAQAAAACAAAA\",\"71;CAAAADIAXwA2ADgABABBBAQAAAAAAQQAAAACAAAAAQEBAAAAzOD/AAABAAAAAAEBAQAAAAFAmwAAAaCGAQAAAQEAAAAAAAA=\",\"35;CAAAADIAXwA2ADgABQBBBAQAAAABAAECAAAAAAAAAAAAAAA=\",\"48;CAAAADIAXwA2ADQAAwAFAPBgEwDwYBMA8GATAAAAAAAAAAAAAAAAAAAAAAAAAAAA\",\"24;CAAAADIAXwA2ADQAAQAFAAIAAAABAAAA\",\"24;CAAAADIAXwA2ADQAAgAFAAEAAAACAAAA\",\"18;CAAAADIAXwA2ADQABwAFAAAA\",\"36;CAAAADIAXwA2ADQABQAFAAYAAAABAAAAAAABAAAAAAAAAAAA\",\"90;AgAAADEAAQABAAgAAAAyAF8ANwA4AAAAHAAnAAAACAAAADIAXwA3ADgABgAAADYANgA0AACAIAAAAAAAAAAAAAAAAAAAAAAAAAAAAAAAAAAAAAAAAAAAAAAA\",\"44;CAAAADIAXwA3ADgAAQAcAAEAAAAAAAAAFgAAAAgAAAAyAF8ANgA0AAMAAAA=\",\"38;BgAAADYANgA0AAEAAwABAAAABAAAAAgAAAAyAF8ANwA4AAAAAAA=\",\"40;CAAAADIAXwA2ADQADwAFAAEIAAAAMgBfADcAOAABBgAAADYANgA0AA==\"]
[\"66;AgAAADEA//8BAF6jRJONJwAArwEAAAUAAAAKAAAACgAAAAoAAAAnAQAAJwEAABAAAAA4AC4AMgAuADIALgAyADIA\",\"591;AgAAADEAAQABAAgAAAAyAF8ANwA5AAAAFwAIAAAAMgBfADcAOQAAABgAAABTAGUAdABTAGgAZAAgAEcAcgBlAGUAbgAAAQABAQAAAAABAAEAAQABAAEAgCAAAAAAAAAAAABCAAAAAAAAAAAAAAAAAAAAAAAAAAAAAAABAIAgAAAAAAAAAAAAQgAAAAAAAAAAAAAAAAAAAAAAAAAAAAAAAIAgAAAAAAAAAAAAQgAAAAAAAAAAAAAAAAAAAAAAAAAAAAAAAIAgAAAAAAAAAAAAQgAAAAAAAAAAAAAAAAAAAAAAAAAAAAAAAIAgAAAAAAAAAAAAQgAAAAAAAAAAAAAAAAAAAAAAAAAAAAAAAIAgAAAAAAAAAAAAQgAAAAAAAAAAAAAAAAAAAAAAAAAAAAAAAIAgAAAAAAAAAAAAQgAAAAAAAAAAAAAAAAAAAAAAAAAAAAAAAIAgAAAAAAAAAAAAQgAAAAAAAAAAAAAAAAAAAAAAAAAAAAAAAIAgAAAAAAAAAAAAQgAAAAAAAAAAAAAAAAAAAAAAAAAAAAAAAIAgAAAAAAAAAAAAQgAAAAAAAAAAAAAAAAAAAAAAAAAAAAAAAIAgAAAAAAAAAAAAQgAAAAAAAAAAAAAAAAAAAAAAAAAAAAAAAIAgAAAAAAAAAAAAQgAAAAAAAAAAAAAAAAAAAAAAAAAAAAAAAIAgAAAAAAAAAAAAQgAAAAAAAAAAAAAAAAAAAAAAAAAAAAAAAIAgAAAAAAAAAAAAQgAAAAAAAAAAAAAAAAAAAAAAAAAAAAAA\",\"22;AgAAADkAAgAYAAgAAAAyAF8ANAAxAA==\",\"22;AgAAADkAAQAYAAgAAAAyAF8ANwA5AA==\",\"58;CAAAADIAXwA3ADkAAgAXAAAAAADCAAAAAAAAAAAAAAAAAZDukAAAAAGQ7pAAAEIAAAAAAAAAAAAAAA==\",\"66;BgAAADYANgA0AB4AAwAAAAAAQgABAAAAAAAAAAAACAAAADIAXwA3ADkAQgABAAAAAAAAAAAACAAAADIAXwA0ADEA\"]
[\"66;AgAAADEA//8BAF6jRJONJwAArwEAAAUAAAALAAAACwAAAAsAAAAtAQAALQEAABAAAAA4AC4AMgAuADIALgAyADIA\",\"591;AgAAADEAAQABAAgAAAAyAF8AOAAwAAAAFwAIAAAAMgBfADgAMAAAABgAAABTAGUAdABTAGgAZAAgAEcAcgBlAGUAbgAAAQABAQAAAAABAAEAAQABAAEAgCAAAAAAAAAAAABCAAAAAAAAAAAAAAAAAAAAAAAAAAAAAAABAIAgAAAAAAAAAAAAQgAAAAAAAAAAAAAAAAAAAAAAAAAAAAAAAIAgAAAAAAAAAAAAQgAAAAAAAAAAAAAAAAAAAAAAAAAAAAAAAIAgAAAAAAAAAAAAQgAAAAAAAAAAAAAAAAAAAAAAAAAAAAAAAIAgAAAAAAAAAAAAQgAAAAAAAAAAAAAAAAAAAAAAAAAAAAAAAIAgAAAAAAAAAAAAQgAAAAAAAAAAAAAAAAAAAAAAAAAAAAAAAIAgAAAAAAAAAAAAQgAAAAAAAAAAAAAAAAAAAAAAAAAAAAAAAIAgAAAAAAAAAAAAQgAAAAAAAAAAAAAAAAAAAAAAAAAAAAAAAIAgAAAAAAAAAAAAQgAAAAAAAAAAAAAAAAAAAAAAAAAAAAAAAIAgAAAAAAAAAAAAQgAAAAAAAAAAAAAAAAAAAAAAAAAAAAAAAIAgAAAAAAAAAAAAQgAAAAAAAAAAAAAAAAAAAAAAAAAAAAAAAIAgAAAAAAAAAAAAQgAAAAAAAAAAAAAAAAAAAAAAAAAAAAAAAIAgAAAAAAAAAAAAQgAAAAAAAAAAAAAAAAAAAAAAAAAAAAAAAIAgAAAAAAAAAAAAQgAAAAAAAAAAAAAAAAAAAAAAAAAAAAAA\",\"22;AgAAADkAAgAYAAgAAAAyAF8ANwA5AA==\",\"22;AgAAADkAAQAYAAgAAAAyAF8AOAAwAA==\",\"58;CAAAADIAXwA4ADAAAgAXAAAAAADCAAAAAAAAAAAAAAAAAYfO+gAAAAGHzvoAAEIAAAAAAAAAAAAAAA==\",\"66;BgAAADYANgA0AB4AAwAAAAAAQgABAAAAAAAAAAAACAAAADIAXwA4ADAAQgABAAAAAAAAAAAACAAAADIAXwA3ADkA\"]